experiment_id,scenario,strategy,robot_count,target_count,seed,timestamp_s,alloc_num,queued_tasks,footprint_bytes
exp_deadline_pressure_ahe_mrta_v3_r10t50_seed01,deadline_pressure,ahe_mrta_v3,10,50,1,40.0,1,20,160
exp_deadline_pressure_ahe_mrta_v3_r10t50_seed01,deadline_pressure,ahe_mrta_v3,10,50,1,45.0,2,20,160
exp_deadline_pressure_ahe_mrta_v3_r10t50_seed01,deadline_pressure,ahe_mrta_v3,10,50,1,50.0,3,19,156
exp_deadline_pressure_ahe_mrta_v3_r10t50_seed01,deadline_pressure,ahe_mrta_v3,10,50,1,55.0,4,20,160
exp_deadline_pressure_ahe_mrta_v3_r10t50_seed01,deadline_pressure,ahe_mrta_v3,10,50,1,60.0,5,20,160
exp_deadline_pressure_ahe_mrta_v3_r10t50_seed01,deadline_pressure,ahe_mrta_v3,10,50,1,65.0,6,19,156
exp_deadline_pressure_ahe_mrta_v3_r10t50_seed01,deadline_pressure,ahe_mrta_v3,10,50,1,70.0,7,20,160
exp_deadline_pressure_ahe_mrta_v3_r10t50_seed01,deadline_pressure,ahe_mrta_v3,10,50,1,75.0,8,20,160
exp_deadline_pressure_ahe_mrta_v3_r10t50_seed01,deadline_pressure,ahe_mrta_v3,10,50,1,80.0,9,20,160
exp_deadline_pressure_ahe_mrta_v3_r10t50_seed01,deadline_pressure,ahe_mrta_v3,10,50,1,85.0,10,18,152
exp_deadline_pressure_ahe_mrta_v3_r10t50_seed01,deadline_pressure,ahe_mrta_v3,10,50,1,90.0,11,17,148
exp_deadline_pressure_ahe_mrta_v3_r10t50_seed01,deadline_pressure,ahe_mrta_v3,10,50,1,95.0,12,15,140
exp_deadline_pressure_ahe_mrta_v3_r10t50_seed01,deadline_pressure,ahe_mrta_v3,10,50,1,100.0,13,15,140
exp_deadline_pressure_ahe_mrta_v3_r10t50_seed01,deadline_pressure,ahe_mrta_v3,10,50,1,105.0,14,14,136
exp_deadline_pressure_ahe_mrta_v3_r10t50_seed01,deadline_pressure,ahe_mrta_v3,10,50,1,110.0,15,12,128
exp_deadline_pressure_ahe_mrta_v3_r10t50_seed01,deadline_pressure,ahe_mrta_v3,10,50,1,115.0,16,11,124
exp_deadline_pressure_ahe_mrta_v3_r10t50_seed01,deadline_pressure,ahe_mrta_v3,10,50,1,120.0,17,10,120
exp_deadline_pressure_ahe_mrta_v3_r10t50_seed01,deadline_pressure,ahe_mrta_v3,10,50,1,125.0,18,11,124
exp_deadline_pressure_ahe_mrta_v3_r10t50_seed01,deadline_pressure,ahe_mrta_v3,10,50,1,175.0,19,2,88
exp_deadline_pressure_ahe_mrta_v3_r10t50_seed01,deadline_pressure,ahe_mrta_v3,10,50,1,240.0,20,1,84
exp_deadline_pressure_ahe_mrta_v3_r10t50_seed01,deadline_pressure,ahe_mrta_v3,10,50,1,305.0,21,0,80
exp_deadline_pressure_ahe_mrta_v3_r10t50_seed01,deadline_pressure,ahe_mrta_v3,10,50,1,370.0,22,0,80
exp_deadline_pressure_ahe_mrta_v3_r10t50_seed02,deadline_pressure,ahe_mrta_v3,10,50,2,40.0,1,20,160
exp_deadline_pressure_ahe_mrta_v3_r10t50_seed02,deadline_pressure,ahe_mrta_v3,10,50,2,45.0,2,20,160
exp_deadline_pressure_ahe_mrta_v3_r10t50_seed02,deadline_pressure,ahe_mrta_v3,10,50,2,50.0,3,20,160
exp_deadline_pressure_ahe_mrta_v3_r10t50_seed02,deadline_pressure,ahe_mrta_v3,10,50,2,55.0,4,20,160
exp_deadline_pressure_ahe_mrta_v3_r10t50_seed02,deadline_pressure,ahe_mrta_v3,10,50,2,60.0,5,20,160
exp_deadline_pressure_ahe_mrta_v3_r10t50_seed02,deadline_pressure,ahe_mrta_v3,10,50,2,65.0,6,20,160
exp_deadline_pressure_ahe_mrta_v3_r10t50_seed02,deadline_pressure,ahe_mrta_v3,10,50,2,70.0,7,19,156
exp_deadline_pressure_ahe_mrta_v3_r10t50_seed02,deadline_pressure,ahe_mrta_v3,10,50,2,75.0,8,20,160
exp_deadline_pressure_ahe_mrta_v3_r10t50_seed02,deadline_pressure,ahe_mrta_v3,10,50,2,80.0,9,20,160
exp_deadline_pressure_ahe_mrta_v3_r10t50_seed02,deadline_pressure,ahe_mrta_v3,10,50,2,85.0,10,18,152
exp_deadline_pressure_ahe_mrta_v3_r10t50_seed02,deadline_pressure,ahe_mrta_v3,10,50,2,90.0,11,18,152
exp_deadline_pressure_ahe_mrta_v3_r10t50_seed02,deadline_pressure,ahe_mrta_v3,10,50,2,95.0,12,18,152
exp_deadline_pressure_ahe_mrta_v3_r10t50_seed02,deadline_pressure,ahe_mrta_v3,10,50,2,100.0,13,19,156
exp_deadline_pressure_ahe_mrta_v3_r10t50_seed02,deadline_pressure,ahe_mrta_v3,10,50,2,105.0,14,18,152
exp_deadline_pressure_ahe_mrta_v3_r10t50_seed02,deadline_pressure,ahe_mrta_v3,10,50,2,110.0,15,14,136
exp_deadline_pressure_ahe_mrta_v3_r10t50_seed02,deadline_pressure,ahe_mrta_v3,10,50,2,115.0,16,12,128
exp_deadline_pressure_ahe_mrta_v3_r10t50_seed02,deadline_pressure,ahe_mrta_v3,10,50,2,120.0,17,10,120
exp_deadline_pressure_ahe_mrta_v3_r10t50_seed02,deadline_pressure,ahe_mrta_v3,10,50,2,125.0,18,10,120
exp_deadline_pressure_ahe_mrta_v3_r10t50_seed02,deadline_pressure,ahe_mrta_v3,10,50,2,130.0,19,12,128
exp_deadline_pressure_ahe_mrta_v3_r10t50_seed02,deadline_pressure,ahe_mrta_v3,10,50,2,190.0,20,5,100
exp_deadline_pressure_ahe_mrta_v3_r10t50_seed02,deadline_pressure,ahe_mrta_v3,10,50,2,265.0,21,2,88
exp_deadline_pressure_ahe_mrta_v3_r10t50_seed02,deadline_pressure,ahe_mrta_v3,10,50,2,340.0,22,2,88
exp_deadline_pressure_ahe_mrta_v3_r10t50_seed03,deadline_pressure,ahe_mrta_v3,10,50,3,70.0,1,20,160
exp_deadline_pressure_ahe_mrta_v3_r10t50_seed03,deadline_pressure,ahe_mrta_v3,10,50,3,75.0,2,20,160
exp_deadline_pressure_ahe_mrta_v3_r10t50_seed03,deadline_pressure,ahe_mrta_v3,10,50,3,80.0,3,19,156
exp_deadline_pressure_ahe_mrta_v3_r10t50_seed03,deadline_pressure,ahe_mrta_v3,10,50,3,85.0,4,19,156
exp_deadline_pressure_ahe_mrta_v3_r10t50_seed03,deadline_pressure,ahe_mrta_v3,10,50,3,90.0,5,20,160
exp_deadline_pressure_ahe_mrta_v3_r10t50_seed03,deadline_pressure,ahe_mrta_v3,10,50,3,95.0,6,20,160
exp_deadline_pressure_ahe_mrta_v3_r10t50_seed03,deadline_pressure,ahe_mrta_v3,10,50,3,100.0,7,20,160
exp_deadline_pressure_ahe_mrta_v3_r10t50_seed03,deadline_pressure,ahe_mrta_v3,10,50,3,105.0,8,20,160
exp_deadline_pressure_ahe_mrta_v3_r10t50_seed03,deadline_pressure,ahe_mrta_v3,10,50,3,110.0,9,20,160
exp_deadline_pressure_ahe_mrta_v3_r10t50_seed03,deadline_pressure,ahe_mrta_v3,10,50,3,115.0,10,19,156
exp_deadline_pressure_ahe_mrta_v3_r10t50_seed03,deadline_pressure,ahe_mrta_v3,10,50,3,120.0,11,18,152
exp_deadline_pressure_ahe_mrta_v3_r10t50_seed03,deadline_pressure,ahe_mrta_v3,10,50,3,125.0,12,18,152
exp_deadline_pressure_ahe_mrta_v3_r10t50_seed03,deadline_pressure,ahe_mrta_v3,10,50,3,130.0,13,17,148
exp_deadline_pressure_ahe_mrta_v3_r10t50_seed03,deadline_pressure,ahe_mrta_v3,10,50,3,135.0,14,17,148
exp_deadline_pressure_ahe_mrta_v3_r10t50_seed03,deadline_pressure,ahe_mrta_v3,10,50,3,140.0,15,16,144
exp_deadline_pressure_ahe_mrta_v3_r10t50_seed03,deadline_pressure,ahe_mrta_v3,10,50,3,145.0,16,17,148
exp_deadline_pressure_ahe_mrta_v3_r10t50_seed03,deadline_pressure,ahe_mrta_v3,10,50,3,150.0,17,13,132
exp_deadline_pressure_ahe_mrta_v3_r10t50_seed03,deadline_pressure,ahe_mrta_v3,10,50,3,155.0,18,12,128
exp_deadline_pressure_ahe_mrta_v3_r10t50_seed03,deadline_pressure,ahe_mrta_v3,10,50,3,160.0,19,12,128
exp_deadline_pressure_ahe_mrta_v3_r10t50_seed03,deadline_pressure,ahe_mrta_v3,10,50,3,165.0,20,12,128
exp_deadline_pressure_ahe_mrta_v3_r10t50_seed03,deadline_pressure,ahe_mrta_v3,10,50,3,170.0,21,12,128
exp_deadline_pressure_ahe_mrta_v3_r10t50_seed03,deadline_pressure,ahe_mrta_v3,10,50,3,175.0,22,10,120
exp_deadline_pressure_ahe_mrta_v3_r10t50_seed03,deadline_pressure,ahe_mrta_v3,10,50,3,205.0,23,6,104
exp_deadline_pressure_ahe_mrta_v3_r10t50_seed03,deadline_pressure,ahe_mrta_v3,10,50,3,270.0,24,2,88
exp_deadline_pressure_ahe_mrta_v3_r10t50_seed03,deadline_pressure,ahe_mrta_v3,10,50,3,335.0,25,2,88
exp_deadline_pressure_ahe_mrta_v3_r10t50_seed03,deadline_pressure,ahe_mrta_v3,10,50,3,405.0,26,1,84
exp_deadline_pressure_ahe_mrta_v3_r10t50_seed04,deadline_pressure,ahe_mrta_v3,10,50,4,70.0,1,20,160
exp_deadline_pressure_ahe_mrta_v3_r10t50_seed04,deadline_pressure,ahe_mrta_v3,10,50,4,75.0,2,20,160
exp_deadline_pressure_ahe_mrta_v3_r10t50_seed04,deadline_pressure,ahe_mrta_v3,10,50,4,80.0,3,20,160
exp_deadline_pressure_ahe_mrta_v3_r10t50_seed04,deadline_pressure,ahe_mrta_v3,10,50,4,85.0,4,19,156
exp_deadline_pressure_ahe_mrta_v3_r10t50_seed04,deadline_pressure,ahe_mrta_v3,10,50,4,90.0,5,20,160
exp_deadline_pressure_ahe_mrta_v3_r10t50_seed04,deadline_pressure,ahe_mrta_v3,10,50,4,95.0,6,20,160
exp_deadline_pressure_ahe_mrta_v3_r10t50_seed04,deadline_pressure,ahe_mrta_v3,10,50,4,100.0,7,20,160
exp_deadline_pressure_ahe_mrta_v3_r10t50_seed04,deadline_pressure,ahe_mrta_v3,10,50,4,105.0,8,20,160
exp_deadline_pressure_ahe_mrta_v3_r10t50_seed04,deadline_pressure,ahe_mrta_v3,10,50,4,110.0,9,20,160
exp_deadline_pressure_ahe_mrta_v3_r10t50_seed04,deadline_pressure,ahe_mrta_v3,10,50,4,115.0,10,20,160
exp_deadline_pressure_ahe_mrta_v3_r10t50_seed04,deadline_pressure,ahe_mrta_v3,10,50,4,120.0,11,20,160
exp_deadline_pressure_ahe_mrta_v3_r10t50_seed04,deadline_pressure,ahe_mrta_v3,10,50,4,125.0,12,18,152
exp_deadline_pressure_ahe_mrta_v3_r10t50_seed04,deadline_pressure,ahe_mrta_v3,10,50,4,130.0,13,15,140
exp_deadline_pressure_ahe_mrta_v3_r10t50_seed04,deadline_pressure,ahe_mrta_v3,10,50,4,135.0,14,15,140
exp_deadline_pressure_ahe_mrta_v3_r10t50_seed04,deadline_pressure,ahe_mrta_v3,10,50,4,140.0,15,12,128
exp_deadline_pressure_ahe_mrta_v3_r10t50_seed04,deadline_pressure,ahe_mrta_v3,10,50,4,145.0,16,10,120
exp_deadline_pressure_ahe_mrta_v3_r10t50_seed04,deadline_pressure,ahe_mrta_v3,10,50,4,150.0,17,11,124
exp_deadline_pressure_ahe_mrta_v3_r10t50_seed04,deadline_pressure,ahe_mrta_v3,10,50,4,155.0,18,10,120
exp_deadline_pressure_ahe_mrta_v3_r10t50_seed04,deadline_pressure,ahe_mrta_v3,10,50,4,160.0,19,10,120
exp_deadline_pressure_ahe_mrta_v3_r10t50_seed04,deadline_pressure,ahe_mrta_v3,10,50,4,165.0,20,10,120
exp_deadline_pressure_ahe_mrta_v3_r10t50_seed04,deadline_pressure,ahe_mrta_v3,10,50,4,170.0,21,10,120
exp_deadline_pressure_ahe_mrta_v3_r10t50_seed04,deadline_pressure,ahe_mrta_v3,10,50,4,205.0,22,5,100
exp_deadline_pressure_ahe_mrta_v3_r10t50_seed04,deadline_pressure,ahe_mrta_v3,10,50,4,215.0,23,5,100
exp_deadline_pressure_ahe_mrta_v3_r10t50_seed04,deadline_pressure,ahe_mrta_v3,10,50,4,270.0,24,3,92
exp_deadline_pressure_ahe_mrta_v3_r10t50_seed04,deadline_pressure,ahe_mrta_v3,10,50,4,280.0,25,2,88
exp_deadline_pressure_ahe_mrta_v3_r10t50_seed04,deadline_pressure,ahe_mrta_v3,10,50,4,335.0,26,2,88
exp_deadline_pressure_ahe_mrta_v3_r10t50_seed04,deadline_pressure,ahe_mrta_v3,10,50,4,350.0,27,2,88
exp_deadline_pressure_ahe_mrta_v3_r10t50_seed04,deadline_pressure,ahe_mrta_v3,10,50,4,400.0,28,1,84
exp_deadline_pressure_ahe_mrta_v3_r10t50_seed04,deadline_pressure,ahe_mrta_v3,10,50,4,420.0,29,0,80
exp_deadline_pressure_ahe_mrta_v3_r10t50_seed05,deadline_pressure,ahe_mrta_v3,10,50,5,40.0,1,20,160
exp_deadline_pressure_ahe_mrta_v3_r10t50_seed05,deadline_pressure,ahe_mrta_v3,10,50,5,45.0,2,20,160
exp_deadline_pressure_ahe_mrta_v3_r10t50_seed05,deadline_pressure,ahe_mrta_v3,10,50,5,50.0,3,20,160
exp_deadline_pressure_ahe_mrta_v3_r10t50_seed05,deadline_pressure,ahe_mrta_v3,10,50,5,55.0,4,20,160
exp_deadline_pressure_ahe_mrta_v3_r10t50_seed05,deadline_pressure,ahe_mrta_v3,10,50,5,60.0,5,20,160
exp_deadline_pressure_ahe_mrta_v3_r10t50_seed05,deadline_pressure,ahe_mrta_v3,10,50,5,65.0,6,20,160
exp_deadline_pressure_ahe_mrta_v3_r10t50_seed05,deadline_pressure,ahe_mrta_v3,10,50,5,70.0,7,20,160
exp_deadline_pressure_ahe_mrta_v3_r10t50_seed05,deadline_pressure,ahe_mrta_v3,10,50,5,75.0,8,20,160
exp_deadline_pressure_ahe_mrta_v3_r10t50_seed05,deadline_pressure,ahe_mrta_v3,10,50,5,80.0,9,19,156
exp_deadline_pressure_ahe_mrta_v3_r10t50_seed05,deadline_pressure,ahe_mrta_v3,10,50,5,85.0,10,18,152
exp_deadline_pressure_ahe_mrta_v3_r10t50_seed05,deadline_pressure,ahe_mrta_v3,10,50,5,90.0,11,16,144
exp_deadline_pressure_ahe_mrta_v3_r10t50_seed05,deadline_pressure,ahe_mrta_v3,10,50,5,95.0,12,15,140
exp_deadline_pressure_ahe_mrta_v3_r10t50_seed05,deadline_pressure,ahe_mrta_v3,10,50,5,100.0,13,11,124
exp_deadline_pressure_ahe_mrta_v3_r10t50_seed05,deadline_pressure,ahe_mrta_v3,10,50,5,105.0,14,11,124
exp_deadline_pressure_ahe_mrta_v3_r10t50_seed05,deadline_pressure,ahe_mrta_v3,10,50,5,110.0,15,9,116
exp_deadline_pressure_ahe_mrta_v3_r10t50_seed05,deadline_pressure,ahe_mrta_v3,10,50,5,115.0,16,9,116
exp_deadline_pressure_ahe_mrta_v3_r10t50_seed05,deadline_pressure,ahe_mrta_v3,10,50,5,120.0,17,11,124
exp_deadline_pressure_ahe_mrta_v3_r10t50_seed05,deadline_pressure,ahe_mrta_v3,10,50,5,125.0,18,12,128
exp_deadline_pressure_ahe_mrta_v3_r10t50_seed05,deadline_pressure,ahe_mrta_v3,10,50,5,130.0,19,12,128
exp_deadline_pressure_ahe_mrta_v3_r10t50_seed05,deadline_pressure,ahe_mrta_v3,10,50,5,175.0,20,5,100
exp_deadline_pressure_ahe_mrta_v3_r10t50_seed05,deadline_pressure,ahe_mrta_v3,10,50,5,240.0,21,2,88
exp_deadline_pressure_ahe_mrta_v3_r10t50_seed05,deadline_pressure,ahe_mrta_v3,10,50,5,305.0,22,2,88
exp_deadline_pressure_ahe_mrta_v3_r10t50_seed05,deadline_pressure,ahe_mrta_v3,10,50,5,370.0,23,1,84
exp_deadline_pressure_ahe_mrta_v3_r3t15_seed01,deadline_pressure,ahe_mrta_v3,3,15,1,30.0,1,6,48
exp_deadline_pressure_ahe_mrta_v3_r3t15_seed01,deadline_pressure,ahe_mrta_v3,3,15,1,35.0,2,6,48
exp_deadline_pressure_ahe_mrta_v3_r3t15_seed01,deadline_pressure,ahe_mrta_v3,3,15,1,40.0,3,6,48
exp_deadline_pressure_ahe_mrta_v3_r3t15_seed01,deadline_pressure,ahe_mrta_v3,3,15,1,45.0,4,6,48
exp_deadline_pressure_ahe_mrta_v3_r3t15_seed01,deadline_pressure,ahe_mrta_v3,3,15,1,50.0,5,6,48
exp_deadline_pressure_ahe_mrta_v3_r3t15_seed01,deadline_pressure,ahe_mrta_v3,3,15,1,55.0,6,6,48
exp_deadline_pressure_ahe_mrta_v3_r3t15_seed01,deadline_pressure,ahe_mrta_v3,3,15,1,60.0,7,6,48
exp_deadline_pressure_ahe_mrta_v3_r3t15_seed01,deadline_pressure,ahe_mrta_v3,3,15,1,65.0,8,6,48
exp_deadline_pressure_ahe_mrta_v3_r3t15_seed01,deadline_pressure,ahe_mrta_v3,3,15,1,70.0,9,5,44
exp_deadline_pressure_ahe_mrta_v3_r3t15_seed01,deadline_pressure,ahe_mrta_v3,3,15,1,75.0,10,5,44
exp_deadline_pressure_ahe_mrta_v3_r3t15_seed01,deadline_pressure,ahe_mrta_v3,3,15,1,80.0,11,4,40
exp_deadline_pressure_ahe_mrta_v3_r3t15_seed01,deadline_pressure,ahe_mrta_v3,3,15,1,85.0,12,4,40
exp_deadline_pressure_ahe_mrta_v3_r3t15_seed01,deadline_pressure,ahe_mrta_v3,3,15,1,90.0,13,3,36
exp_deadline_pressure_ahe_mrta_v3_r3t15_seed01,deadline_pressure,ahe_mrta_v3,3,15,1,95.0,14,3,36
exp_deadline_pressure_ahe_mrta_v3_r3t15_seed01,deadline_pressure,ahe_mrta_v3,3,15,1,100.0,15,3,36
exp_deadline_pressure_ahe_mrta_v3_r3t15_seed01,deadline_pressure,ahe_mrta_v3,3,15,1,105.0,16,3,36
exp_deadline_pressure_ahe_mrta_v3_r3t15_seed01,deadline_pressure,ahe_mrta_v3,3,15,1,110.0,17,3,36
exp_deadline_pressure_ahe_mrta_v3_r3t15_seed01,deadline_pressure,ahe_mrta_v3,3,15,1,115.0,18,3,36
exp_deadline_pressure_ahe_mrta_v3_r3t15_seed01,deadline_pressure,ahe_mrta_v3,3,15,1,120.0,19,3,36
exp_deadline_pressure_ahe_mrta_v3_r3t15_seed01,deadline_pressure,ahe_mrta_v3,3,15,1,125.0,20,3,36
exp_deadline_pressure_ahe_mrta_v3_r3t15_seed01,deadline_pressure,ahe_mrta_v3,3,15,1,130.0,21,3,36
exp_deadline_pressure_ahe_mrta_v3_r3t15_seed01,deadline_pressure,ahe_mrta_v3,3,15,1,135.0,22,3,36
exp_deadline_pressure_ahe_mrta_v3_r3t15_seed01,deadline_pressure,ahe_mrta_v3,3,15,1,140.0,23,3,36
exp_deadline_pressure_ahe_mrta_v3_r3t15_seed01,deadline_pressure,ahe_mrta_v3,3,15,1,145.0,24,3,36
exp_deadline_pressure_ahe_mrta_v3_r3t15_seed01,deadline_pressure,ahe_mrta_v3,3,15,1,150.0,25,3,36
exp_deadline_pressure_ahe_mrta_v3_r3t15_seed01,deadline_pressure,ahe_mrta_v3,3,15,1,155.0,26,3,36
exp_deadline_pressure_ahe_mrta_v3_r3t15_seed01,deadline_pressure,ahe_mrta_v3,3,15,1,160.0,27,3,36
exp_deadline_pressure_ahe_mrta_v3_r3t15_seed01,deadline_pressure,ahe_mrta_v3,3,15,1,165.0,28,3,36
exp_deadline_pressure_ahe_mrta_v3_r3t15_seed01,deadline_pressure,ahe_mrta_v3,3,15,1,170.0,29,3,36
exp_deadline_pressure_ahe_mrta_v3_r3t15_seed01,deadline_pressure,ahe_mrta_v3,3,15,1,175.0,30,3,36
exp_deadline_pressure_ahe_mrta_v3_r3t15_seed02,deadline_pressure,ahe_mrta_v3,3,15,2,30.0,1,6,48
exp_deadline_pressure_ahe_mrta_v3_r3t15_seed02,deadline_pressure,ahe_mrta_v3,3,15,2,35.0,2,6,48
exp_deadline_pressure_ahe_mrta_v3_r3t15_seed02,deadline_pressure,ahe_mrta_v3,3,15,2,40.0,3,6,48
exp_deadline_pressure_ahe_mrta_v3_r3t15_seed02,deadline_pressure,ahe_mrta_v3,3,15,2,45.0,4,6,48
exp_deadline_pressure_ahe_mrta_v3_r3t15_seed02,deadline_pressure,ahe_mrta_v3,3,15,2,50.0,5,6,48
exp_deadline_pressure_ahe_mrta_v3_r3t15_seed02,deadline_pressure,ahe_mrta_v3,3,15,2,55.0,6,6,48
exp_deadline_pressure_ahe_mrta_v3_r3t15_seed02,deadline_pressure,ahe_mrta_v3,3,15,2,60.0,7,6,48
exp_deadline_pressure_ahe_mrta_v3_r3t15_seed02,deadline_pressure,ahe_mrta_v3,3,15,2,65.0,8,6,48
exp_deadline_pressure_ahe_mrta_v3_r3t15_seed02,deadline_pressure,ahe_mrta_v3,3,15,2,70.0,9,6,48
exp_deadline_pressure_ahe_mrta_v3_r3t15_seed02,deadline_pressure,ahe_mrta_v3,3,15,2,75.0,10,6,48
exp_deadline_pressure_ahe_mrta_v3_r3t15_seed02,deadline_pressure,ahe_mrta_v3,3,15,2,80.0,11,6,48
exp_deadline_pressure_ahe_mrta_v3_r3t15_seed02,deadline_pressure,ahe_mrta_v3,3,15,2,85.0,12,5,44
exp_deadline_pressure_ahe_mrta_v3_r3t15_seed02,deadline_pressure,ahe_mrta_v3,3,15,2,90.0,13,5,44
exp_deadline_pressure_ahe_mrta_v3_r3t15_seed02,deadline_pressure,ahe_mrta_v3,3,15,2,95.0,14,5,44
exp_deadline_pressure_ahe_mrta_v3_r3t15_seed02,deadline_pressure,ahe_mrta_v3,3,15,2,100.0,15,5,44
exp_deadline_pressure_ahe_mrta_v3_r3t15_seed02,deadline_pressure,ahe_mrta_v3,3,15,2,105.0,16,4,40
exp_deadline_pressure_ahe_mrta_v3_r3t15_seed02,deadline_pressure,ahe_mrta_v3,3,15,2,110.0,17,4,40
exp_deadline_pressure_ahe_mrta_v3_r3t15_seed02,deadline_pressure,ahe_mrta_v3,3,15,2,115.0,18,4,40
exp_deadline_pressure_ahe_mrta_v3_r3t15_seed02,deadline_pressure,ahe_mrta_v3,3,15,2,120.0,19,4,40
exp_deadline_pressure_ahe_mrta_v3_r3t15_seed02,deadline_pressure,ahe_mrta_v3,3,15,2,125.0,20,3,36
exp_deadline_pressure_ahe_mrta_v3_r3t15_seed02,deadline_pressure,ahe_mrta_v3,3,15,2,130.0,21,3,36
exp_deadline_pressure_ahe_mrta_v3_r3t15_seed02,deadline_pressure,ahe_mrta_v3,3,15,2,135.0,22,3,36
exp_deadline_pressure_ahe_mrta_v3_r3t15_seed02,deadline_pressure,ahe_mrta_v3,3,15,2,140.0,23,3,36
exp_deadline_pressure_ahe_mrta_v3_r3t15_seed02,deadline_pressure,ahe_mrta_v3,3,15,2,145.0,24,3,36
exp_deadline_pressure_ahe_mrta_v3_r3t15_seed02,deadline_pressure,ahe_mrta_v3,3,15,2,150.0,25,3,36
exp_deadline_pressure_ahe_mrta_v3_r3t15_seed02,deadline_pressure,ahe_mrta_v3,3,15,2,155.0,26,3,36
exp_deadline_pressure_ahe_mrta_v3_r3t15_seed02,deadline_pressure,ahe_mrta_v3,3,15,2,160.0,27,3,36
exp_deadline_pressure_ahe_mrta_v3_r3t15_seed02,deadline_pressure,ahe_mrta_v3,3,15,2,165.0,28,3,36
exp_deadline_pressure_ahe_mrta_v3_r3t15_seed03,deadline_pressure,ahe_mrta_v3,3,15,3,30.0,1,6,48
exp_deadline_pressure_ahe_mrta_v3_r3t15_seed03,deadline_pressure,ahe_mrta_v3,3,15,3,35.0,2,6,48
exp_deadline_pressure_ahe_mrta_v3_r3t15_seed03,deadline_pressure,ahe_mrta_v3,3,15,3,40.0,3,6,48
exp_deadline_pressure_ahe_mrta_v3_r3t15_seed03,deadline_pressure,ahe_mrta_v3,3,15,3,45.0,4,6,48
exp_deadline_pressure_ahe_mrta_v3_r3t15_seed03,deadline_pressure,ahe_mrta_v3,3,15,3,50.0,5,6,48
exp_deadline_pressure_ahe_mrta_v3_r3t15_seed03,deadline_pressure,ahe_mrta_v3,3,15,3,55.0,6,6,48
exp_deadline_pressure_ahe_mrta_v3_r3t15_seed03,deadline_pressure,ahe_mrta_v3,3,15,3,60.0,7,6,48
exp_deadline_pressure_ahe_mrta_v3_r3t15_seed03,deadline_pressure,ahe_mrta_v3,3,15,3,65.0,8,6,48
exp_deadline_pressure_ahe_mrta_v3_r3t15_seed03,deadline_pressure,ahe_mrta_v3,3,15,3,70.0,9,6,48
exp_deadline_pressure_ahe_mrta_v3_r3t15_seed03,deadline_pressure,ahe_mrta_v3,3,15,3,75.0,10,6,48
exp_deadline_pressure_ahe_mrta_v3_r3t15_seed03,deadline_pressure,ahe_mrta_v3,3,15,3,80.0,11,6,48
exp_deadline_pressure_ahe_mrta_v3_r3t15_seed03,deadline_pressure,ahe_mrta_v3,3,15,3,85.0,12,6,48
exp_deadline_pressure_ahe_mrta_v3_r3t15_seed03,deadline_pressure,ahe_mrta_v3,3,15,3,90.0,13,4,40
exp_deadline_pressure_ahe_mrta_v3_r3t15_seed03,deadline_pressure,ahe_mrta_v3,3,15,3,95.0,14,4,40
exp_deadline_pressure_ahe_mrta_v3_r3t15_seed03,deadline_pressure,ahe_mrta_v3,3,15,3,100.0,15,4,40
exp_deadline_pressure_ahe_mrta_v3_r3t15_seed03,deadline_pressure,ahe_mrta_v3,3,15,3,105.0,16,4,40
exp_deadline_pressure_ahe_mrta_v3_r3t15_seed03,deadline_pressure,ahe_mrta_v3,3,15,3,110.0,17,4,40
exp_deadline_pressure_ahe_mrta_v3_r3t15_seed03,deadline_pressure,ahe_mrta_v3,3,15,3,115.0,18,3,36
exp_deadline_pressure_ahe_mrta_v3_r3t15_seed03,deadline_pressure,ahe_mrta_v3,3,15,3,120.0,19,3,36
exp_deadline_pressure_ahe_mrta_v3_r3t15_seed03,deadline_pressure,ahe_mrta_v3,3,15,3,125.0,20,3,36
exp_deadline_pressure_ahe_mrta_v3_r3t15_seed03,deadline_pressure,ahe_mrta_v3,3,15,3,130.0,21,3,36
exp_deadline_pressure_ahe_mrta_v3_r3t15_seed03,deadline_pressure,ahe_mrta_v3,3,15,3,135.0,22,3,36
exp_deadline_pressure_ahe_mrta_v3_r3t15_seed03,deadline_pressure,ahe_mrta_v3,3,15,3,140.0,23,3,36
exp_deadline_pressure_ahe_mrta_v3_r3t15_seed03,deadline_pressure,ahe_mrta_v3,3,15,3,145.0,24,3,36
exp_deadline_pressure_ahe_mrta_v3_r3t15_seed04,deadline_pressure,ahe_mrta_v3,3,15,4,30.0,1,6,48
exp_deadline_pressure_ahe_mrta_v3_r3t15_seed04,deadline_pressure,ahe_mrta_v3,3,15,4,35.0,2,6,48
exp_deadline_pressure_ahe_mrta_v3_r3t15_seed04,deadline_pressure,ahe_mrta_v3,3,15,4,40.0,3,6,48
exp_deadline_pressure_ahe_mrta_v3_r3t15_seed04,deadline_pressure,ahe_mrta_v3,3,15,4,45.0,4,6,48
exp_deadline_pressure_ahe_mrta_v3_r3t15_seed04,deadline_pressure,ahe_mrta_v3,3,15,4,50.0,5,6,48
exp_deadline_pressure_ahe_mrta_v3_r3t15_seed04,deadline_pressure,ahe_mrta_v3,3,15,4,55.0,6,5,44
exp_deadline_pressure_ahe_mrta_v3_r3t15_seed04,deadline_pressure,ahe_mrta_v3,3,15,4,60.0,7,6,48
exp_deadline_pressure_ahe_mrta_v3_r3t15_seed04,deadline_pressure,ahe_mrta_v3,3,15,4,65.0,8,6,48
exp_deadline_pressure_ahe_mrta_v3_r3t15_seed04,deadline_pressure,ahe_mrta_v3,3,15,4,70.0,9,6,48
exp_deadline_pressure_ahe_mrta_v3_r3t15_seed04,deadline_pressure,ahe_mrta_v3,3,15,4,75.0,10,5,44
exp_deadline_pressure_ahe_mrta_v3_r3t15_seed04,deadline_pressure,ahe_mrta_v3,3,15,4,80.0,11,4,40
exp_deadline_pressure_ahe_mrta_v3_r3t15_seed04,deadline_pressure,ahe_mrta_v3,3,15,4,85.0,12,4,40
exp_deadline_pressure_ahe_mrta_v3_r3t15_seed04,deadline_pressure,ahe_mrta_v3,3,15,4,90.0,13,3,36
exp_deadline_pressure_ahe_mrta_v3_r3t15_seed04,deadline_pressure,ahe_mrta_v3,3,15,4,95.0,14,3,36
exp_deadline_pressure_ahe_mrta_v3_r3t15_seed04,deadline_pressure,ahe_mrta_v3,3,15,4,100.0,15,4,40
exp_deadline_pressure_ahe_mrta_v3_r3t15_seed05,deadline_pressure,ahe_mrta_v3,3,15,5,30.0,1,6,48
exp_deadline_pressure_ahe_mrta_v3_r3t15_seed05,deadline_pressure,ahe_mrta_v3,3,15,5,35.0,2,6,48
exp_deadline_pressure_ahe_mrta_v3_r3t15_seed05,deadline_pressure,ahe_mrta_v3,3,15,5,40.0,3,6,48
exp_deadline_pressure_ahe_mrta_v3_r3t15_seed05,deadline_pressure,ahe_mrta_v3,3,15,5,45.0,4,6,48
exp_deadline_pressure_ahe_mrta_v3_r3t15_seed05,deadline_pressure,ahe_mrta_v3,3,15,5,50.0,5,6,48
exp_deadline_pressure_ahe_mrta_v3_r3t15_seed05,deadline_pressure,ahe_mrta_v3,3,15,5,55.0,6,6,48
exp_deadline_pressure_ahe_mrta_v3_r3t15_seed05,deadline_pressure,ahe_mrta_v3,3,15,5,60.0,7,6,48
exp_deadline_pressure_ahe_mrta_v3_r3t15_seed05,deadline_pressure,ahe_mrta_v3,3,15,5,65.0,8,6,48
exp_deadline_pressure_ahe_mrta_v3_r3t15_seed05,deadline_pressure,ahe_mrta_v3,3,15,5,70.0,9,6,48
exp_deadline_pressure_ahe_mrta_v3_r3t15_seed05,deadline_pressure,ahe_mrta_v3,3,15,5,75.0,10,6,48
exp_deadline_pressure_ahe_mrta_v3_r3t15_seed05,deadline_pressure,ahe_mrta_v3,3,15,5,80.0,11,4,40
exp_deadline_pressure_ahe_mrta_v3_r3t15_seed05,deadline_pressure,ahe_mrta_v3,3,15,5,85.0,12,4,40
exp_deadline_pressure_ahe_mrta_v3_r3t15_seed05,deadline_pressure,ahe_mrta_v3,3,15,5,90.0,13,4,40
exp_deadline_pressure_ahe_mrta_v3_r3t15_seed05,deadline_pressure,ahe_mrta_v3,3,15,5,95.0,14,4,40
exp_deadline_pressure_ahe_mrta_v3_r3t15_seed05,deadline_pressure,ahe_mrta_v3,3,15,5,100.0,15,4,40
exp_deadline_pressure_ahe_mrta_v3_r3t15_seed05,deadline_pressure,ahe_mrta_v3,3,15,5,105.0,16,4,40
exp_deadline_pressure_ahe_mrta_v3_r3t15_seed05,deadline_pressure,ahe_mrta_v3,3,15,5,110.0,17,3,36
exp_deadline_pressure_ahe_mrta_v3_r3t15_seed05,deadline_pressure,ahe_mrta_v3,3,15,5,115.0,18,3,36
exp_deadline_pressure_ahe_mrta_v3_r3t15_seed05,deadline_pressure,ahe_mrta_v3,3,15,5,120.0,19,3,36
exp_deadline_pressure_ahe_mrta_v3_r3t15_seed05,deadline_pressure,ahe_mrta_v3,3,15,5,125.0,20,3,36
exp_deadline_pressure_ahe_mrta_v3_r3t24_seed01,deadline_pressure,ahe_mrta_v3,3,24,1,30.0,1,6,48
exp_deadline_pressure_ahe_mrta_v3_r3t24_seed01,deadline_pressure,ahe_mrta_v3,3,24,1,35.0,2,6,48
exp_deadline_pressure_ahe_mrta_v3_r3t24_seed01,deadline_pressure,ahe_mrta_v3,3,24,1,40.0,3,6,48
exp_deadline_pressure_ahe_mrta_v3_r3t24_seed01,deadline_pressure,ahe_mrta_v3,3,24,1,45.0,4,6,48
exp_deadline_pressure_ahe_mrta_v3_r3t24_seed01,deadline_pressure,ahe_mrta_v3,3,24,1,50.0,5,6,48
exp_deadline_pressure_ahe_mrta_v3_r3t24_seed01,deadline_pressure,ahe_mrta_v3,3,24,1,55.0,6,6,48
exp_deadline_pressure_ahe_mrta_v3_r3t24_seed01,deadline_pressure,ahe_mrta_v3,3,24,1,60.0,7,6,48
exp_deadline_pressure_ahe_mrta_v3_r3t24_seed01,deadline_pressure,ahe_mrta_v3,3,24,1,65.0,8,6,48
exp_deadline_pressure_ahe_mrta_v3_r3t24_seed01,deadline_pressure,ahe_mrta_v3,3,24,1,70.0,9,6,48
exp_deadline_pressure_ahe_mrta_v3_r3t24_seed01,deadline_pressure,ahe_mrta_v3,3,24,1,75.0,10,5,44
exp_deadline_pressure_ahe_mrta_v3_r3t24_seed01,deadline_pressure,ahe_mrta_v3,3,24,1,80.0,11,3,36
exp_deadline_pressure_ahe_mrta_v3_r3t24_seed01,deadline_pressure,ahe_mrta_v3,3,24,1,85.0,12,3,36
exp_deadline_pressure_ahe_mrta_v3_r3t24_seed01,deadline_pressure,ahe_mrta_v3,3,24,1,90.0,13,3,36
exp_deadline_pressure_ahe_mrta_v3_r3t24_seed01,deadline_pressure,ahe_mrta_v3,3,24,1,95.0,14,3,36
exp_deadline_pressure_ahe_mrta_v3_r3t24_seed01,deadline_pressure,ahe_mrta_v3,3,24,1,100.0,15,3,36
exp_deadline_pressure_ahe_mrta_v3_r3t24_seed01,deadline_pressure,ahe_mrta_v3,3,24,1,105.0,16,3,36
exp_deadline_pressure_ahe_mrta_v3_r3t24_seed01,deadline_pressure,ahe_mrta_v3,3,24,1,110.0,17,3,36
exp_deadline_pressure_ahe_mrta_v3_r3t24_seed01,deadline_pressure,ahe_mrta_v3,3,24,1,115.0,18,3,36
exp_deadline_pressure_ahe_mrta_v3_r3t24_seed01,deadline_pressure,ahe_mrta_v3,3,24,1,120.0,19,3,36
exp_deadline_pressure_ahe_mrta_v3_r3t24_seed01,deadline_pressure,ahe_mrta_v3,3,24,1,125.0,20,3,36
exp_deadline_pressure_ahe_mrta_v3_r3t24_seed01,deadline_pressure,ahe_mrta_v3,3,24,1,130.0,21,3,36
exp_deadline_pressure_ahe_mrta_v3_r3t24_seed01,deadline_pressure,ahe_mrta_v3,3,24,1,135.0,22,3,36
exp_deadline_pressure_ahe_mrta_v3_r3t24_seed01,deadline_pressure,ahe_mrta_v3,3,24,1,140.0,23,3,36
exp_deadline_pressure_ahe_mrta_v3_r3t24_seed01,deadline_pressure,ahe_mrta_v3,3,24,1,145.0,24,3,36
exp_deadline_pressure_ahe_mrta_v3_r3t24_seed01,deadline_pressure,ahe_mrta_v3,3,24,1,150.0,25,3,36
exp_deadline_pressure_ahe_mrta_v3_r3t24_seed01,deadline_pressure,ahe_mrta_v3,3,24,1,155.001,26,3,36
exp_deadline_pressure_ahe_mrta_v3_r3t24_seed01,deadline_pressure,ahe_mrta_v3,3,24,1,160.0,27,3,36
exp_deadline_pressure_ahe_mrta_v3_r3t24_seed01,deadline_pressure,ahe_mrta_v3,3,24,1,165.0,28,3,36
exp_deadline_pressure_ahe_mrta_v3_r3t24_seed01,deadline_pressure,ahe_mrta_v3,3,24,1,170.0,29,3,36
exp_deadline_pressure_ahe_mrta_v3_r3t24_seed01,deadline_pressure,ahe_mrta_v3,3,24,1,175.0,30,4,40
exp_deadline_pressure_ahe_mrta_v3_r3t24_seed01,deadline_pressure,ahe_mrta_v3,3,24,1,180.0,31,3,36
exp_deadline_pressure_ahe_mrta_v3_r3t24_seed01,deadline_pressure,ahe_mrta_v3,3,24,1,185.0,32,3,36
exp_deadline_pressure_ahe_mrta_v3_r3t24_seed01,deadline_pressure,ahe_mrta_v3,3,24,1,190.0,33,3,36
exp_deadline_pressure_ahe_mrta_v3_r3t24_seed01,deadline_pressure,ahe_mrta_v3,3,24,1,195.001,34,3,36
exp_deadline_pressure_ahe_mrta_v3_r3t24_seed01,deadline_pressure,ahe_mrta_v3,3,24,1,200.0,35,3,36
exp_deadline_pressure_ahe_mrta_v3_r3t24_seed01,deadline_pressure,ahe_mrta_v3,3,24,1,205.0,36,3,36
exp_deadline_pressure_ahe_mrta_v3_r3t24_seed01,deadline_pressure,ahe_mrta_v3,3,24,1,210.0,37,3,36
exp_deadline_pressure_ahe_mrta_v3_r3t24_seed01,deadline_pressure,ahe_mrta_v3,3,24,1,215.0,38,3,36
exp_deadline_pressure_ahe_mrta_v3_r3t24_seed01,deadline_pressure,ahe_mrta_v3,3,24,1,220.0,39,3,36
exp_deadline_pressure_ahe_mrta_v3_r3t24_seed01,deadline_pressure,ahe_mrta_v3,3,24,1,225.0,40,3,36
exp_deadline_pressure_ahe_mrta_v3_r3t24_seed02,deadline_pressure,ahe_mrta_v3,3,24,2,30.0,1,6,48
exp_deadline_pressure_ahe_mrta_v3_r3t24_seed02,deadline_pressure,ahe_mrta_v3,3,24,2,35.0,2,6,48
exp_deadline_pressure_ahe_mrta_v3_r3t24_seed02,deadline_pressure,ahe_mrta_v3,3,24,2,40.0,3,6,48
exp_deadline_pressure_ahe_mrta_v3_r3t24_seed02,deadline_pressure,ahe_mrta_v3,3,24,2,45.0,4,6,48
exp_deadline_pressure_ahe_mrta_v3_r3t24_seed02,deadline_pressure,ahe_mrta_v3,3,24,2,50.0,5,6,48
exp_deadline_pressure_ahe_mrta_v3_r3t24_seed02,deadline_pressure,ahe_mrta_v3,3,24,2,55.0,6,6,48
exp_deadline_pressure_ahe_mrta_v3_r3t24_seed02,deadline_pressure,ahe_mrta_v3,3,24,2,60.0,7,6,48
exp_deadline_pressure_ahe_mrta_v3_r3t24_seed02,deadline_pressure,ahe_mrta_v3,3,24,2,65.0,8,6,48
exp_deadline_pressure_ahe_mrta_v3_r3t24_seed02,deadline_pressure,ahe_mrta_v3,3,24,2,70.0,9,6,48
exp_deadline_pressure_ahe_mrta_v3_r3t24_seed02,deadline_pressure,ahe_mrta_v3,3,24,2,75.0,10,6,48
exp_deadline_pressure_ahe_mrta_v3_r3t24_seed02,deadline_pressure,ahe_mrta_v3,3,24,2,80.0,11,6,48
exp_deadline_pressure_ahe_mrta_v3_r3t24_seed02,deadline_pressure,ahe_mrta_v3,3,24,2,85.0,12,6,48
exp_deadline_pressure_ahe_mrta_v3_r3t24_seed02,deadline_pressure,ahe_mrta_v3,3,24,2,90.0,13,5,44
exp_deadline_pressure_ahe_mrta_v3_r3t24_seed02,deadline_pressure,ahe_mrta_v3,3,24,2,95.0,14,5,44
exp_deadline_pressure_ahe_mrta_v3_r3t24_seed02,deadline_pressure,ahe_mrta_v3,3,24,2,100.0,15,3,36
exp_deadline_pressure_ahe_mrta_v3_r3t24_seed02,deadline_pressure,ahe_mrta_v3,3,24,2,105.0,16,3,36
exp_deadline_pressure_ahe_mrta_v3_r3t24_seed02,deadline_pressure,ahe_mrta_v3,3,24,2,110.0,17,3,36
exp_deadline_pressure_ahe_mrta_v3_r3t24_seed02,deadline_pressure,ahe_mrta_v3,3,24,2,115.0,18,3,36
exp_deadline_pressure_ahe_mrta_v3_r3t24_seed02,deadline_pressure,ahe_mrta_v3,3,24,2,120.0,19,3,36
exp_deadline_pressure_ahe_mrta_v3_r3t24_seed02,deadline_pressure,ahe_mrta_v3,3,24,2,125.0,20,3,36
exp_deadline_pressure_ahe_mrta_v3_r3t24_seed02,deadline_pressure,ahe_mrta_v3,3,24,2,130.0,21,3,36
exp_deadline_pressure_ahe_mrta_v3_r3t24_seed02,deadline_pressure,ahe_mrta_v3,3,24,2,135.0,22,3,36
exp_deadline_pressure_ahe_mrta_v3_r3t24_seed02,deadline_pressure,ahe_mrta_v3,3,24,2,140.0,23,3,36
exp_deadline_pressure_ahe_mrta_v3_r3t24_seed02,deadline_pressure,ahe_mrta_v3,3,24,2,145.0,24,3,36
exp_deadline_pressure_ahe_mrta_v3_r3t24_seed02,deadline_pressure,ahe_mrta_v3,3,24,2,150.0,25,3,36
exp_deadline_pressure_ahe_mrta_v3_r3t24_seed02,deadline_pressure,ahe_mrta_v3,3,24,2,155.0,26,3,36
exp_deadline_pressure_ahe_mrta_v3_r3t24_seed02,deadline_pressure,ahe_mrta_v3,3,24,2,160.0,27,3,36
exp_deadline_pressure_ahe_mrta_v3_r3t24_seed02,deadline_pressure,ahe_mrta_v3,3,24,2,165.0,28,3,36
exp_deadline_pressure_ahe_mrta_v3_r3t24_seed02,deadline_pressure,ahe_mrta_v3,3,24,2,170.0,29,3,36
exp_deadline_pressure_ahe_mrta_v3_r3t24_seed02,deadline_pressure,ahe_mrta_v3,3,24,2,175.0,30,3,36
exp_deadline_pressure_ahe_mrta_v3_r3t24_seed02,deadline_pressure,ahe_mrta_v3,3,24,2,180.0,31,4,40
exp_deadline_pressure_ahe_mrta_v3_r3t24_seed02,deadline_pressure,ahe_mrta_v3,3,24,2,185.0,32,3,36
exp_deadline_pressure_ahe_mrta_v3_r3t24_seed02,deadline_pressure,ahe_mrta_v3,3,24,2,190.0,33,3,36
exp_deadline_pressure_ahe_mrta_v3_r3t24_seed02,deadline_pressure,ahe_mrta_v3,3,24,2,195.0,34,3,36
exp_deadline_pressure_ahe_mrta_v3_r3t24_seed02,deadline_pressure,ahe_mrta_v3,3,24,2,200.0,35,3,36
exp_deadline_pressure_ahe_mrta_v3_r3t24_seed02,deadline_pressure,ahe_mrta_v3,3,24,2,205.0,36,3,36
exp_deadline_pressure_ahe_mrta_v3_r3t24_seed02,deadline_pressure,ahe_mrta_v3,3,24,2,210.0,37,3,36
exp_deadline_pressure_ahe_mrta_v3_r3t24_seed02,deadline_pressure,ahe_mrta_v3,3,24,2,215.0,38,3,36
exp_deadline_pressure_ahe_mrta_v3_r3t24_seed02,deadline_pressure,ahe_mrta_v3,3,24,2,220.0,39,3,36
exp_deadline_pressure_ahe_mrta_v3_r3t24_seed02,deadline_pressure,ahe_mrta_v3,3,24,2,225.0,40,3,36
exp_deadline_pressure_ahe_mrta_v3_r3t24_seed02,deadline_pressure,ahe_mrta_v3,3,24,2,230.0,41,3,36
exp_deadline_pressure_ahe_mrta_v3_r3t24_seed02,deadline_pressure,ahe_mrta_v3,3,24,2,235.0,42,3,36
exp_deadline_pressure_ahe_mrta_v3_r3t24_seed02,deadline_pressure,ahe_mrta_v3,3,24,2,240.0,43,2,32
exp_deadline_pressure_ahe_mrta_v3_r3t24_seed03,deadline_pressure,ahe_mrta_v3,3,24,3,30.0,1,6,48
exp_deadline_pressure_ahe_mrta_v3_r3t24_seed03,deadline_pressure,ahe_mrta_v3,3,24,3,35.0,2,6,48
exp_deadline_pressure_ahe_mrta_v3_r3t24_seed03,deadline_pressure,ahe_mrta_v3,3,24,3,40.0,3,6,48
exp_deadline_pressure_ahe_mrta_v3_r3t24_seed03,deadline_pressure,ahe_mrta_v3,3,24,3,45.0,4,6,48
exp_deadline_pressure_ahe_mrta_v3_r3t24_seed03,deadline_pressure,ahe_mrta_v3,3,24,3,50.0,5,6,48
exp_deadline_pressure_ahe_mrta_v3_r3t24_seed03,deadline_pressure,ahe_mrta_v3,3,24,3,55.0,6,6,48
exp_deadline_pressure_ahe_mrta_v3_r3t24_seed03,deadline_pressure,ahe_mrta_v3,3,24,3,60.0,7,6,48
exp_deadline_pressure_ahe_mrta_v3_r3t24_seed03,deadline_pressure,ahe_mrta_v3,3,24,3,65.0,8,6,48
exp_deadline_pressure_ahe_mrta_v3_r3t24_seed03,deadline_pressure,ahe_mrta_v3,3,24,3,70.0,9,6,48
exp_deadline_pressure_ahe_mrta_v3_r3t24_seed03,deadline_pressure,ahe_mrta_v3,3,24,3,75.0,10,6,48
exp_deadline_pressure_ahe_mrta_v3_r3t24_seed03,deadline_pressure,ahe_mrta_v3,3,24,3,80.0,11,6,48
exp_deadline_pressure_ahe_mrta_v3_r3t24_seed03,deadline_pressure,ahe_mrta_v3,3,24,3,85.0,12,6,48
exp_deadline_pressure_ahe_mrta_v3_r3t24_seed03,deadline_pressure,ahe_mrta_v3,3,24,3,90.0,13,6,48
exp_deadline_pressure_ahe_mrta_v3_r3t24_seed03,deadline_pressure,ahe_mrta_v3,3,24,3,95.0,14,6,48
exp_deadline_pressure_ahe_mrta_v3_r3t24_seed03,deadline_pressure,ahe_mrta_v3,3,24,3,100.0,15,6,48
exp_deadline_pressure_ahe_mrta_v3_r3t24_seed03,deadline_pressure,ahe_mrta_v3,3,24,3,105.0,16,5,44
exp_deadline_pressure_ahe_mrta_v3_r3t24_seed03,deadline_pressure,ahe_mrta_v3,3,24,3,110.0,17,5,44
exp_deadline_pressure_ahe_mrta_v3_r3t24_seed03,deadline_pressure,ahe_mrta_v3,3,24,3,115.0,18,4,40
exp_deadline_pressure_ahe_mrta_v3_r3t24_seed03,deadline_pressure,ahe_mrta_v3,3,24,3,120.0,19,4,40
exp_deadline_pressure_ahe_mrta_v3_r3t24_seed03,deadline_pressure,ahe_mrta_v3,3,24,3,125.0,20,4,40
exp_deadline_pressure_ahe_mrta_v3_r3t24_seed03,deadline_pressure,ahe_mrta_v3,3,24,3,130.0,21,4,40
exp_deadline_pressure_ahe_mrta_v3_r3t24_seed03,deadline_pressure,ahe_mrta_v3,3,24,3,135.0,22,3,36
exp_deadline_pressure_ahe_mrta_v3_r3t24_seed03,deadline_pressure,ahe_mrta_v3,3,24,3,140.0,23,3,36
exp_deadline_pressure_ahe_mrta_v3_r3t24_seed03,deadline_pressure,ahe_mrta_v3,3,24,3,145.0,24,3,36
exp_deadline_pressure_ahe_mrta_v3_r3t24_seed03,deadline_pressure,ahe_mrta_v3,3,24,3,150.0,25,3,36
exp_deadline_pressure_ahe_mrta_v3_r3t24_seed03,deadline_pressure,ahe_mrta_v3,3,24,3,155.0,26,3,36
exp_deadline_pressure_ahe_mrta_v3_r3t24_seed03,deadline_pressure,ahe_mrta_v3,3,24,3,160.0,27,3,36
exp_deadline_pressure_ahe_mrta_v3_r3t24_seed03,deadline_pressure,ahe_mrta_v3,3,24,3,165.0,28,3,36
exp_deadline_pressure_ahe_mrta_v3_r3t24_seed03,deadline_pressure,ahe_mrta_v3,3,24,3,170.0,29,3,36
exp_deadline_pressure_ahe_mrta_v3_r3t24_seed03,deadline_pressure,ahe_mrta_v3,3,24,3,175.0,30,3,36
exp_deadline_pressure_ahe_mrta_v3_r3t24_seed03,deadline_pressure,ahe_mrta_v3,3,24,3,180.0,31,3,36
exp_deadline_pressure_ahe_mrta_v3_r3t24_seed03,deadline_pressure,ahe_mrta_v3,3,24,3,185.0,32,3,36
exp_deadline_pressure_ahe_mrta_v3_r3t24_seed03,deadline_pressure,ahe_mrta_v3,3,24,3,190.0,33,3,36
exp_deadline_pressure_ahe_mrta_v3_r3t24_seed03,deadline_pressure,ahe_mrta_v3,3,24,3,195.0,34,3,36
exp_deadline_pressure_ahe_mrta_v3_r3t24_seed03,deadline_pressure,ahe_mrta_v3,3,24,3,200.0,35,3,36
exp_deadline_pressure_ahe_mrta_v3_r3t24_seed03,deadline_pressure,ahe_mrta_v3,3,24,3,205.0,36,3,36
exp_deadline_pressure_ahe_mrta_v3_r3t24_seed03,deadline_pressure,ahe_mrta_v3,3,24,3,210.0,37,3,36
exp_deadline_pressure_ahe_mrta_v3_r3t24_seed04,deadline_pressure,ahe_mrta_v3,3,24,4,30.0,1,6,48
exp_deadline_pressure_ahe_mrta_v3_r3t24_seed04,deadline_pressure,ahe_mrta_v3,3,24,4,35.001,2,6,48
exp_deadline_pressure_ahe_mrta_v3_r3t24_seed04,deadline_pressure,ahe_mrta_v3,3,24,4,40.0,3,6,48
exp_deadline_pressure_ahe_mrta_v3_r3t24_seed04,deadline_pressure,ahe_mrta_v3,3,24,4,45.0,4,6,48
exp_deadline_pressure_ahe_mrta_v3_r3t24_seed04,deadline_pressure,ahe_mrta_v3,3,24,4,50.0,5,6,48
exp_deadline_pressure_ahe_mrta_v3_r3t24_seed04,deadline_pressure,ahe_mrta_v3,3,24,4,55.0,6,5,44
exp_deadline_pressure_ahe_mrta_v3_r3t24_seed04,deadline_pressure,ahe_mrta_v3,3,24,4,60.0,7,6,48
exp_deadline_pressure_ahe_mrta_v3_r3t24_seed04,deadline_pressure,ahe_mrta_v3,3,24,4,65.0,8,6,48
exp_deadline_pressure_ahe_mrta_v3_r3t24_seed04,deadline_pressure,ahe_mrta_v3,3,24,4,70.0,9,6,48
exp_deadline_pressure_ahe_mrta_v3_r3t24_seed04,deadline_pressure,ahe_mrta_v3,3,24,4,75.0,10,6,48
exp_deadline_pressure_ahe_mrta_v3_r3t24_seed04,deadline_pressure,ahe_mrta_v3,3,24,4,80.0,11,6,48
exp_deadline_pressure_ahe_mrta_v3_r3t24_seed04,deadline_pressure,ahe_mrta_v3,3,24,4,85.0,12,6,48
exp_deadline_pressure_ahe_mrta_v3_r3t24_seed04,deadline_pressure,ahe_mrta_v3,3,24,4,90.0,13,5,44
exp_deadline_pressure_ahe_mrta_v3_r3t24_seed04,deadline_pressure,ahe_mrta_v3,3,24,4,95.0,14,5,44
exp_deadline_pressure_ahe_mrta_v3_r3t24_seed04,deadline_pressure,ahe_mrta_v3,3,24,4,100.0,15,4,40
exp_deadline_pressure_ahe_mrta_v3_r3t24_seed04,deadline_pressure,ahe_mrta_v3,3,24,4,105.0,16,4,40
exp_deadline_pressure_ahe_mrta_v3_r3t24_seed04,deadline_pressure,ahe_mrta_v3,3,24,4,110.0,17,4,40
exp_deadline_pressure_ahe_mrta_v3_r3t24_seed04,deadline_pressure,ahe_mrta_v3,3,24,4,115.0,18,4,40
exp_deadline_pressure_ahe_mrta_v3_r3t24_seed04,deadline_pressure,ahe_mrta_v3,3,24,4,120.0,19,3,36
exp_deadline_pressure_ahe_mrta_v3_r3t24_seed04,deadline_pressure,ahe_mrta_v3,3,24,4,125.0,20,3,36
exp_deadline_pressure_ahe_mrta_v3_r3t24_seed04,deadline_pressure,ahe_mrta_v3,3,24,4,130.0,21,3,36
exp_deadline_pressure_ahe_mrta_v3_r3t24_seed04,deadline_pressure,ahe_mrta_v3,3,24,4,135.0,22,3,36
exp_deadline_pressure_ahe_mrta_v3_r3t24_seed04,deadline_pressure,ahe_mrta_v3,3,24,4,140.0,23,3,36
exp_deadline_pressure_ahe_mrta_v3_r3t24_seed04,deadline_pressure,ahe_mrta_v3,3,24,4,145.001,24,3,36
exp_deadline_pressure_ahe_mrta_v3_r3t24_seed04,deadline_pressure,ahe_mrta_v3,3,24,4,150.0,25,3,36
exp_deadline_pressure_ahe_mrta_v3_r3t24_seed04,deadline_pressure,ahe_mrta_v3,3,24,4,155.0,26,3,36
exp_deadline_pressure_ahe_mrta_v3_r3t24_seed04,deadline_pressure,ahe_mrta_v3,3,24,4,160.0,27,3,36
exp_deadline_pressure_ahe_mrta_v3_r3t24_seed04,deadline_pressure,ahe_mrta_v3,3,24,4,165.0,28,3,36
exp_deadline_pressure_ahe_mrta_v3_r3t24_seed04,deadline_pressure,ahe_mrta_v3,3,24,4,170.0,29,3,36
exp_deadline_pressure_ahe_mrta_v3_r3t24_seed04,deadline_pressure,ahe_mrta_v3,3,24,4,175.0,30,3,36
exp_deadline_pressure_ahe_mrta_v3_r3t24_seed04,deadline_pressure,ahe_mrta_v3,3,24,4,180.0,31,3,36
exp_deadline_pressure_ahe_mrta_v3_r3t24_seed05,deadline_pressure,ahe_mrta_v3,3,24,5,30.0,1,6,48
exp_deadline_pressure_ahe_mrta_v3_r3t24_seed05,deadline_pressure,ahe_mrta_v3,3,24,5,35.0,2,6,48
exp_deadline_pressure_ahe_mrta_v3_r3t24_seed05,deadline_pressure,ahe_mrta_v3,3,24,5,40.0,3,6,48
exp_deadline_pressure_ahe_mrta_v3_r3t24_seed05,deadline_pressure,ahe_mrta_v3,3,24,5,45.0,4,6,48
exp_deadline_pressure_ahe_mrta_v3_r3t24_seed05,deadline_pressure,ahe_mrta_v3,3,24,5,50.0,5,6,48
exp_deadline_pressure_ahe_mrta_v3_r3t24_seed05,deadline_pressure,ahe_mrta_v3,3,24,5,55.0,6,6,48
exp_deadline_pressure_ahe_mrta_v3_r3t24_seed05,deadline_pressure,ahe_mrta_v3,3,24,5,60.0,7,6,48
exp_deadline_pressure_ahe_mrta_v3_r3t24_seed05,deadline_pressure,ahe_mrta_v3,3,24,5,65.0,8,6,48
exp_deadline_pressure_ahe_mrta_v3_r3t24_seed05,deadline_pressure,ahe_mrta_v3,3,24,5,70.0,9,6,48
exp_deadline_pressure_ahe_mrta_v3_r3t24_seed05,deadline_pressure,ahe_mrta_v3,3,24,5,75.0,10,6,48
exp_deadline_pressure_ahe_mrta_v3_r3t24_seed05,deadline_pressure,ahe_mrta_v3,3,24,5,80.0,11,6,48
exp_deadline_pressure_ahe_mrta_v3_r3t24_seed05,deadline_pressure,ahe_mrta_v3,3,24,5,85.0,12,5,44
exp_deadline_pressure_ahe_mrta_v3_r3t24_seed05,deadline_pressure,ahe_mrta_v3,3,24,5,90.0,13,4,40
exp_deadline_pressure_ahe_mrta_v3_r3t24_seed05,deadline_pressure,ahe_mrta_v3,3,24,5,95.0,14,4,40
exp_deadline_pressure_ahe_mrta_v3_r3t24_seed05,deadline_pressure,ahe_mrta_v3,3,24,5,100.0,15,3,36
exp_deadline_pressure_ahe_mrta_v3_r3t24_seed05,deadline_pressure,ahe_mrta_v3,3,24,5,105.0,16,3,36
exp_deadline_pressure_ahe_mrta_v3_r3t24_seed05,deadline_pressure,ahe_mrta_v3,3,24,5,110.0,17,4,40
exp_deadline_pressure_ahe_mrta_v3_r3t24_seed05,deadline_pressure,ahe_mrta_v3,3,24,5,115.0,18,4,40
exp_deadline_pressure_ahe_mrta_v3_r3t24_seed05,deadline_pressure,ahe_mrta_v3,3,24,5,120.0,19,4,40
exp_deadline_pressure_ahe_mrta_v3_r3t24_seed05,deadline_pressure,ahe_mrta_v3,3,24,5,125.0,20,4,40
exp_deadline_pressure_ahe_mrta_v3_r3t24_seed05,deadline_pressure,ahe_mrta_v3,3,24,5,130.0,21,4,40
exp_deadline_pressure_ahe_mrta_v3_r3t24_seed05,deadline_pressure,ahe_mrta_v3,3,24,5,135.0,22,4,40
exp_deadline_pressure_ahe_mrta_v3_r3t24_seed05,deadline_pressure,ahe_mrta_v3,3,24,5,140.0,23,4,40
exp_deadline_pressure_ahe_mrta_v3_r3t24_seed05,deadline_pressure,ahe_mrta_v3,3,24,5,145.0,24,3,36
exp_deadline_pressure_ahe_mrta_v3_r3t24_seed05,deadline_pressure,ahe_mrta_v3,3,24,5,150.0,25,3,36
exp_deadline_pressure_ahe_mrta_v3_r3t24_seed05,deadline_pressure,ahe_mrta_v3,3,24,5,155.0,26,3,36
exp_deadline_pressure_ahe_mrta_v3_r3t24_seed05,deadline_pressure,ahe_mrta_v3,3,24,5,160.0,27,3,36
exp_deadline_pressure_ahe_mrta_v3_r3t24_seed05,deadline_pressure,ahe_mrta_v3,3,24,5,165.0,28,3,36
exp_deadline_pressure_ahe_mrta_v3_r3t24_seed05,deadline_pressure,ahe_mrta_v3,3,24,5,170.0,29,3,36
exp_deadline_pressure_ahe_mrta_v3_r3t24_seed05,deadline_pressure,ahe_mrta_v3,3,24,5,175.0,30,3,36
exp_deadline_pressure_ahe_mrta_v3_r3t24_seed05,deadline_pressure,ahe_mrta_v3,3,24,5,180.0,31,3,36
exp_deadline_pressure_ahe_mrta_v3_r3t24_seed05,deadline_pressure,ahe_mrta_v3,3,24,5,185.0,32,3,36
exp_deadline_pressure_ahe_mrta_v3_r3t24_seed05,deadline_pressure,ahe_mrta_v3,3,24,5,190.0,33,3,36
exp_deadline_pressure_ahe_mrta_v3_r3t24_seed05,deadline_pressure,ahe_mrta_v3,3,24,5,195.0,34,3,36
exp_deadline_pressure_ahe_mrta_v3_r3t24_seed05,deadline_pressure,ahe_mrta_v3,3,24,5,200.0,35,3,36
exp_deadline_pressure_ahe_mrta_v3_r3t24_seed05,deadline_pressure,ahe_mrta_v3,3,24,5,205.0,36,3,36
exp_deadline_pressure_ahe_mrta_v3_r3t24_seed05,deadline_pressure,ahe_mrta_v3,3,24,5,210.0,37,3,36
exp_deadline_pressure_ahe_mrta_v3_r3t9_seed01,deadline_pressure,ahe_mrta_v3,3,9,1,30.001,1,5,44
exp_deadline_pressure_ahe_mrta_v3_r3t9_seed01,deadline_pressure,ahe_mrta_v3,3,9,1,35.0,2,5,44
exp_deadline_pressure_ahe_mrta_v3_r3t9_seed01,deadline_pressure,ahe_mrta_v3,3,9,1,40.0,3,5,44
exp_deadline_pressure_ahe_mrta_v3_r3t9_seed01,deadline_pressure,ahe_mrta_v3,3,9,1,45.0,4,5,44
exp_deadline_pressure_ahe_mrta_v3_r3t9_seed01,deadline_pressure,ahe_mrta_v3,3,9,1,50.0,5,4,40
exp_deadline_pressure_ahe_mrta_v3_r3t9_seed01,deadline_pressure,ahe_mrta_v3,3,9,1,55.0,6,4,40
exp_deadline_pressure_ahe_mrta_v3_r3t9_seed01,deadline_pressure,ahe_mrta_v3,3,9,1,60.0,7,3,36
exp_deadline_pressure_ahe_mrta_v3_r3t9_seed01,deadline_pressure,ahe_mrta_v3,3,9,1,65.0,8,3,36
exp_deadline_pressure_ahe_mrta_v3_r3t9_seed01,deadline_pressure,ahe_mrta_v3,3,9,1,70.0,9,3,36
exp_deadline_pressure_ahe_mrta_v3_r3t9_seed01,deadline_pressure,ahe_mrta_v3,3,9,1,75.0,10,3,36
exp_deadline_pressure_ahe_mrta_v3_r3t9_seed01,deadline_pressure,ahe_mrta_v3,3,9,1,80.0,11,3,36
exp_deadline_pressure_ahe_mrta_v3_r3t9_seed01,deadline_pressure,ahe_mrta_v3,3,9,1,85.0,12,3,36
exp_deadline_pressure_ahe_mrta_v3_r3t9_seed01,deadline_pressure,ahe_mrta_v3,3,9,1,90.0,13,3,36
exp_deadline_pressure_ahe_mrta_v3_r3t9_seed01,deadline_pressure,ahe_mrta_v3,3,9,1,95.0,14,2,32
exp_deadline_pressure_ahe_mrta_v3_r3t9_seed02,deadline_pressure,ahe_mrta_v3,3,9,2,30.0,1,6,48
exp_deadline_pressure_ahe_mrta_v3_r3t9_seed02,deadline_pressure,ahe_mrta_v3,3,9,2,35.0,2,6,48
exp_deadline_pressure_ahe_mrta_v3_r3t9_seed02,deadline_pressure,ahe_mrta_v3,3,9,2,40.0,3,6,48
exp_deadline_pressure_ahe_mrta_v3_r3t9_seed02,deadline_pressure,ahe_mrta_v3,3,9,2,45.0,4,6,48
exp_deadline_pressure_ahe_mrta_v3_r3t9_seed02,deadline_pressure,ahe_mrta_v3,3,9,2,50.0,5,6,48
exp_deadline_pressure_ahe_mrta_v3_r3t9_seed02,deadline_pressure,ahe_mrta_v3,3,9,2,55.0,6,6,48
exp_deadline_pressure_ahe_mrta_v3_r3t9_seed02,deadline_pressure,ahe_mrta_v3,3,9,2,60.0,7,5,44
exp_deadline_pressure_ahe_mrta_v3_r3t9_seed02,deadline_pressure,ahe_mrta_v3,3,9,2,65.0,8,5,44
exp_deadline_pressure_ahe_mrta_v3_r3t9_seed02,deadline_pressure,ahe_mrta_v3,3,9,2,70.0,9,5,44
exp_deadline_pressure_ahe_mrta_v3_r3t9_seed02,deadline_pressure,ahe_mrta_v3,3,9,2,75.001,10,5,44
exp_deadline_pressure_ahe_mrta_v3_r3t9_seed02,deadline_pressure,ahe_mrta_v3,3,9,2,80.0,11,5,44
exp_deadline_pressure_ahe_mrta_v3_r3t9_seed02,deadline_pressure,ahe_mrta_v3,3,9,2,85.0,12,4,40
exp_deadline_pressure_ahe_mrta_v3_r3t9_seed02,deadline_pressure,ahe_mrta_v3,3,9,2,90.0,13,4,40
exp_deadline_pressure_ahe_mrta_v3_r3t9_seed02,deadline_pressure,ahe_mrta_v3,3,9,2,95.0,14,3,36
exp_deadline_pressure_ahe_mrta_v3_r3t9_seed02,deadline_pressure,ahe_mrta_v3,3,9,2,100.0,15,3,36
exp_deadline_pressure_ahe_mrta_v3_r3t9_seed02,deadline_pressure,ahe_mrta_v3,3,9,2,105.0,16,3,36
exp_deadline_pressure_ahe_mrta_v3_r3t9_seed03,deadline_pressure,ahe_mrta_v3,3,9,3,30.0,1,6,48
exp_deadline_pressure_ahe_mrta_v3_r3t9_seed03,deadline_pressure,ahe_mrta_v3,3,9,3,35.0,2,6,48
exp_deadline_pressure_ahe_mrta_v3_r3t9_seed03,deadline_pressure,ahe_mrta_v3,3,9,3,40.0,3,6,48
exp_deadline_pressure_ahe_mrta_v3_r3t9_seed03,deadline_pressure,ahe_mrta_v3,3,9,3,45.0,4,5,44
exp_deadline_pressure_ahe_mrta_v3_r3t9_seed03,deadline_pressure,ahe_mrta_v3,3,9,3,50.0,5,5,44
exp_deadline_pressure_ahe_mrta_v3_r3t9_seed03,deadline_pressure,ahe_mrta_v3,3,9,3,55.0,6,4,40
exp_deadline_pressure_ahe_mrta_v3_r3t9_seed03,deadline_pressure,ahe_mrta_v3,3,9,3,60.0,7,4,40
exp_deadline_pressure_ahe_mrta_v3_r3t9_seed03,deadline_pressure,ahe_mrta_v3,3,9,3,65.0,8,3,36
exp_deadline_pressure_ahe_mrta_v3_r3t9_seed03,deadline_pressure,ahe_mrta_v3,3,9,3,70.0,9,3,36
exp_deadline_pressure_ahe_mrta_v3_r3t9_seed03,deadline_pressure,ahe_mrta_v3,3,9,3,75.0,10,3,36
exp_deadline_pressure_ahe_mrta_v3_r3t9_seed03,deadline_pressure,ahe_mrta_v3,3,9,3,80.0,11,3,36
exp_deadline_pressure_ahe_mrta_v3_r3t9_seed03,deadline_pressure,ahe_mrta_v3,3,9,3,85.0,12,3,36
exp_deadline_pressure_ahe_mrta_v3_r3t9_seed04,deadline_pressure,ahe_mrta_v3,3,9,4,30.0,1,6,48
exp_deadline_pressure_ahe_mrta_v3_r3t9_seed04,deadline_pressure,ahe_mrta_v3,3,9,4,35.0,2,6,48
exp_deadline_pressure_ahe_mrta_v3_r3t9_seed04,deadline_pressure,ahe_mrta_v3,3,9,4,40.0,3,6,48
exp_deadline_pressure_ahe_mrta_v3_r3t9_seed04,deadline_pressure,ahe_mrta_v3,3,9,4,45.0,4,6,48
exp_deadline_pressure_ahe_mrta_v3_r3t9_seed04,deadline_pressure,ahe_mrta_v3,3,9,4,50.0,5,5,44
exp_deadline_pressure_ahe_mrta_v3_r3t9_seed04,deadline_pressure,ahe_mrta_v3,3,9,4,55.0,6,4,40
exp_deadline_pressure_ahe_mrta_v3_r3t9_seed04,deadline_pressure,ahe_mrta_v3,3,9,4,60.0,7,3,36
exp_deadline_pressure_ahe_mrta_v3_r3t9_seed04,deadline_pressure,ahe_mrta_v3,3,9,4,65.0,8,3,36
exp_deadline_pressure_ahe_mrta_v3_r3t9_seed04,deadline_pressure,ahe_mrta_v3,3,9,4,70.0,9,3,36
exp_deadline_pressure_ahe_mrta_v3_r3t9_seed04,deadline_pressure,ahe_mrta_v3,3,9,4,75.0,10,3,36
exp_deadline_pressure_ahe_mrta_v3_r3t9_seed04,deadline_pressure,ahe_mrta_v3,3,9,4,80.0,11,3,36
exp_deadline_pressure_ahe_mrta_v3_r3t9_seed04,deadline_pressure,ahe_mrta_v3,3,9,4,85.0,12,2,32
exp_deadline_pressure_ahe_mrta_v3_r3t9_seed05,deadline_pressure,ahe_mrta_v3,3,9,5,30.0,1,6,48
exp_deadline_pressure_ahe_mrta_v3_r3t9_seed05,deadline_pressure,ahe_mrta_v3,3,9,5,35.0,2,6,48
exp_deadline_pressure_ahe_mrta_v3_r3t9_seed05,deadline_pressure,ahe_mrta_v3,3,9,5,40.0,3,6,48
exp_deadline_pressure_ahe_mrta_v3_r3t9_seed05,deadline_pressure,ahe_mrta_v3,3,9,5,45.0,4,6,48
exp_deadline_pressure_ahe_mrta_v3_r3t9_seed05,deadline_pressure,ahe_mrta_v3,3,9,5,50.0,5,6,48
exp_deadline_pressure_ahe_mrta_v3_r3t9_seed05,deadline_pressure,ahe_mrta_v3,3,9,5,55.0,6,4,40
exp_deadline_pressure_ahe_mrta_v3_r3t9_seed05,deadline_pressure,ahe_mrta_v3,3,9,5,60.0,7,3,36
exp_deadline_pressure_ahe_mrta_v3_r3t9_seed05,deadline_pressure,ahe_mrta_v3,3,9,5,65.0,8,3,36
exp_deadline_pressure_ahe_mrta_v3_r3t9_seed05,deadline_pressure,ahe_mrta_v3,3,9,5,70.0,9,3,36
exp_deadline_pressure_ahe_mrta_v3_r3t9_seed05,deadline_pressure,ahe_mrta_v3,3,9,5,75.0,10,3,36
exp_deadline_pressure_ahe_mrta_v3_r3t9_seed05,deadline_pressure,ahe_mrta_v3,3,9,5,80.0,11,3,36
exp_deadline_pressure_ahe_mrta_v3_r3t9_seed05,deadline_pressure,ahe_mrta_v3,3,9,5,85.0,12,3,36
exp_deadline_pressure_ahe_mrta_v3_r3t9_seed05,deadline_pressure,ahe_mrta_v3,3,9,5,90.0,13,3,36
exp_deadline_pressure_ahe_mrta_v3_r5t25_seed01,deadline_pressure,ahe_mrta_v3,5,25,1,35.0,1,10,80
exp_deadline_pressure_ahe_mrta_v3_r5t25_seed01,deadline_pressure,ahe_mrta_v3,5,25,1,40.0,2,10,80
exp_deadline_pressure_ahe_mrta_v3_r5t25_seed01,deadline_pressure,ahe_mrta_v3,5,25,1,45.0,3,10,80
exp_deadline_pressure_ahe_mrta_v3_r5t25_seed01,deadline_pressure,ahe_mrta_v3,5,25,1,50.0,4,10,80
exp_deadline_pressure_ahe_mrta_v3_r5t25_seed01,deadline_pressure,ahe_mrta_v3,5,25,1,55.0,5,10,80
exp_deadline_pressure_ahe_mrta_v3_r5t25_seed01,deadline_pressure,ahe_mrta_v3,5,25,1,60.0,6,10,80
exp_deadline_pressure_ahe_mrta_v3_r5t25_seed01,deadline_pressure,ahe_mrta_v3,5,25,1,65.0,7,10,80
exp_deadline_pressure_ahe_mrta_v3_r5t25_seed01,deadline_pressure,ahe_mrta_v3,5,25,1,70.0,8,10,80
exp_deadline_pressure_ahe_mrta_v3_r5t25_seed01,deadline_pressure,ahe_mrta_v3,5,25,1,75.0,9,8,72
exp_deadline_pressure_ahe_mrta_v3_r5t25_seed01,deadline_pressure,ahe_mrta_v3,5,25,1,80.0,10,8,72
exp_deadline_pressure_ahe_mrta_v3_r5t25_seed01,deadline_pressure,ahe_mrta_v3,5,25,1,85.0,11,6,64
exp_deadline_pressure_ahe_mrta_v3_r5t25_seed01,deadline_pressure,ahe_mrta_v3,5,25,1,90.0,12,6,64
exp_deadline_pressure_ahe_mrta_v3_r5t25_seed01,deadline_pressure,ahe_mrta_v3,5,25,1,95.0,13,6,64
exp_deadline_pressure_ahe_mrta_v3_r5t25_seed01,deadline_pressure,ahe_mrta_v3,5,25,1,100.0,14,6,64
exp_deadline_pressure_ahe_mrta_v3_r5t25_seed01,deadline_pressure,ahe_mrta_v3,5,25,1,105.0,15,5,60
exp_deadline_pressure_ahe_mrta_v3_r5t25_seed01,deadline_pressure,ahe_mrta_v3,5,25,1,110.0,16,5,60
exp_deadline_pressure_ahe_mrta_v3_r5t25_seed01,deadline_pressure,ahe_mrta_v3,5,25,1,115.0,17,5,60
exp_deadline_pressure_ahe_mrta_v3_r5t25_seed01,deadline_pressure,ahe_mrta_v3,5,25,1,120.0,18,7,68
exp_deadline_pressure_ahe_mrta_v3_r5t25_seed01,deadline_pressure,ahe_mrta_v3,5,25,1,125.0,19,6,64
exp_deadline_pressure_ahe_mrta_v3_r5t25_seed02,deadline_pressure,ahe_mrta_v3,5,25,2,35.0,1,10,80
exp_deadline_pressure_ahe_mrta_v3_r5t25_seed02,deadline_pressure,ahe_mrta_v3,5,25,2,40.0,2,10,80
exp_deadline_pressure_ahe_mrta_v3_r5t25_seed02,deadline_pressure,ahe_mrta_v3,5,25,2,45.0,3,10,80
exp_deadline_pressure_ahe_mrta_v3_r5t25_seed02,deadline_pressure,ahe_mrta_v3,5,25,2,50.0,4,10,80
exp_deadline_pressure_ahe_mrta_v3_r5t25_seed02,deadline_pressure,ahe_mrta_v3,5,25,2,55.0,5,10,80
exp_deadline_pressure_ahe_mrta_v3_r5t25_seed02,deadline_pressure,ahe_mrta_v3,5,25,2,60.0,6,10,80
exp_deadline_pressure_ahe_mrta_v3_r5t25_seed02,deadline_pressure,ahe_mrta_v3,5,25,2,65.0,7,10,80
exp_deadline_pressure_ahe_mrta_v3_r5t25_seed02,deadline_pressure,ahe_mrta_v3,5,25,2,70.0,8,10,80
exp_deadline_pressure_ahe_mrta_v3_r5t25_seed02,deadline_pressure,ahe_mrta_v3,5,25,2,75.0,9,10,80
exp_deadline_pressure_ahe_mrta_v3_r5t25_seed02,deadline_pressure,ahe_mrta_v3,5,25,2,80.0,10,10,80
exp_deadline_pressure_ahe_mrta_v3_r5t25_seed02,deadline_pressure,ahe_mrta_v3,5,25,2,85.0,11,9,76
exp_deadline_pressure_ahe_mrta_v3_r5t25_seed02,deadline_pressure,ahe_mrta_v3,5,25,2,90.0,12,9,76
exp_deadline_pressure_ahe_mrta_v3_r5t25_seed02,deadline_pressure,ahe_mrta_v3,5,25,2,95.0,13,9,76
exp_deadline_pressure_ahe_mrta_v3_r5t25_seed02,deadline_pressure,ahe_mrta_v3,5,25,2,100.0,14,8,72
exp_deadline_pressure_ahe_mrta_v3_r5t25_seed02,deadline_pressure,ahe_mrta_v3,5,25,2,105.0,15,8,72
exp_deadline_pressure_ahe_mrta_v3_r5t25_seed02,deadline_pressure,ahe_mrta_v3,5,25,2,110.0,16,6,64
exp_deadline_pressure_ahe_mrta_v3_r5t25_seed02,deadline_pressure,ahe_mrta_v3,5,25,2,115.0,17,6,64
exp_deadline_pressure_ahe_mrta_v3_r5t25_seed02,deadline_pressure,ahe_mrta_v3,5,25,2,120.0,18,5,60
exp_deadline_pressure_ahe_mrta_v3_r5t25_seed02,deadline_pressure,ahe_mrta_v3,5,25,2,125.0,19,5,60
exp_deadline_pressure_ahe_mrta_v3_r5t25_seed02,deadline_pressure,ahe_mrta_v3,5,25,2,130.002,20,5,60
exp_deadline_pressure_ahe_mrta_v3_r5t25_seed02,deadline_pressure,ahe_mrta_v3,5,25,2,135.0,21,5,60
exp_deadline_pressure_ahe_mrta_v3_r5t25_seed02,deadline_pressure,ahe_mrta_v3,5,25,2,140.0,22,5,60
exp_deadline_pressure_ahe_mrta_v3_r5t25_seed02,deadline_pressure,ahe_mrta_v3,5,25,2,145.0,23,4,56
exp_deadline_pressure_ahe_mrta_v3_r5t25_seed03,deadline_pressure,ahe_mrta_v3,5,25,3,35.001,1,10,80
exp_deadline_pressure_ahe_mrta_v3_r5t25_seed03,deadline_pressure,ahe_mrta_v3,5,25,3,40.0,2,10,80
exp_deadline_pressure_ahe_mrta_v3_r5t25_seed03,deadline_pressure,ahe_mrta_v3,5,25,3,45.0,3,10,80
exp_deadline_pressure_ahe_mrta_v3_r5t25_seed03,deadline_pressure,ahe_mrta_v3,5,25,3,50.0,4,10,80
exp_deadline_pressure_ahe_mrta_v3_r5t25_seed03,deadline_pressure,ahe_mrta_v3,5,25,3,55.0,5,10,80
exp_deadline_pressure_ahe_mrta_v3_r5t25_seed03,deadline_pressure,ahe_mrta_v3,5,25,3,60.0,6,10,80
exp_deadline_pressure_ahe_mrta_v3_r5t25_seed03,deadline_pressure,ahe_mrta_v3,5,25,3,65.0,7,10,80
exp_deadline_pressure_ahe_mrta_v3_r5t25_seed03,deadline_pressure,ahe_mrta_v3,5,25,3,70.0,8,10,80
exp_deadline_pressure_ahe_mrta_v3_r5t25_seed03,deadline_pressure,ahe_mrta_v3,5,25,3,75.0,9,10,80
exp_deadline_pressure_ahe_mrta_v3_r5t25_seed03,deadline_pressure,ahe_mrta_v3,5,25,3,80.0,10,10,80
exp_deadline_pressure_ahe_mrta_v3_r5t25_seed03,deadline_pressure,ahe_mrta_v3,5,25,3,85.0,11,10,80
exp_deadline_pressure_ahe_mrta_v3_r5t25_seed03,deadline_pressure,ahe_mrta_v3,5,25,3,90.0,12,9,76
exp_deadline_pressure_ahe_mrta_v3_r5t25_seed03,deadline_pressure,ahe_mrta_v3,5,25,3,95.0,13,9,76
exp_deadline_pressure_ahe_mrta_v3_r5t25_seed03,deadline_pressure,ahe_mrta_v3,5,25,3,100.0,14,7,68
exp_deadline_pressure_ahe_mrta_v3_r5t25_seed03,deadline_pressure,ahe_mrta_v3,5,25,3,105.0,15,6,64
exp_deadline_pressure_ahe_mrta_v3_r5t25_seed03,deadline_pressure,ahe_mrta_v3,5,25,3,110.0,16,5,60
exp_deadline_pressure_ahe_mrta_v3_r5t25_seed03,deadline_pressure,ahe_mrta_v3,5,25,3,115.0,17,5,60
exp_deadline_pressure_ahe_mrta_v3_r5t25_seed03,deadline_pressure,ahe_mrta_v3,5,25,3,120.0,18,5,60
exp_deadline_pressure_ahe_mrta_v3_r5t25_seed03,deadline_pressure,ahe_mrta_v3,5,25,3,125.0,19,5,60
exp_deadline_pressure_ahe_mrta_v3_r5t25_seed03,deadline_pressure,ahe_mrta_v3,5,25,3,130.0,20,5,60
exp_deadline_pressure_ahe_mrta_v3_r5t25_seed03,deadline_pressure,ahe_mrta_v3,5,25,3,135.0,21,5,60
exp_deadline_pressure_ahe_mrta_v3_r5t25_seed04,deadline_pressure,ahe_mrta_v3,5,25,4,35.0,1,10,80
exp_deadline_pressure_ahe_mrta_v3_r5t25_seed04,deadline_pressure,ahe_mrta_v3,5,25,4,40.0,2,10,80
exp_deadline_pressure_ahe_mrta_v3_r5t25_seed04,deadline_pressure,ahe_mrta_v3,5,25,4,45.0,3,10,80
exp_deadline_pressure_ahe_mrta_v3_r5t25_seed04,deadline_pressure,ahe_mrta_v3,5,25,4,50.0,4,9,76
exp_deadline_pressure_ahe_mrta_v3_r5t25_seed04,deadline_pressure,ahe_mrta_v3,5,25,4,55.0,5,10,80
exp_deadline_pressure_ahe_mrta_v3_r5t25_seed04,deadline_pressure,ahe_mrta_v3,5,25,4,60.0,6,9,76
exp_deadline_pressure_ahe_mrta_v3_r5t25_seed04,deadline_pressure,ahe_mrta_v3,5,25,4,65.0,7,10,80
exp_deadline_pressure_ahe_mrta_v3_r5t25_seed04,deadline_pressure,ahe_mrta_v3,5,25,4,70.0,8,10,80
exp_deadline_pressure_ahe_mrta_v3_r5t25_seed04,deadline_pressure,ahe_mrta_v3,5,25,4,75.0,9,10,80
exp_deadline_pressure_ahe_mrta_v3_r5t25_seed04,deadline_pressure,ahe_mrta_v3,5,25,4,80.0,10,10,80
exp_deadline_pressure_ahe_mrta_v3_r5t25_seed04,deadline_pressure,ahe_mrta_v3,5,25,4,85.0,11,10,80
exp_deadline_pressure_ahe_mrta_v3_r5t25_seed04,deadline_pressure,ahe_mrta_v3,5,25,4,90.0,12,8,72
exp_deadline_pressure_ahe_mrta_v3_r5t25_seed04,deadline_pressure,ahe_mrta_v3,5,25,4,95.0,13,8,72
exp_deadline_pressure_ahe_mrta_v3_r5t25_seed04,deadline_pressure,ahe_mrta_v3,5,25,4,100.0,14,8,72
exp_deadline_pressure_ahe_mrta_v3_r5t25_seed04,deadline_pressure,ahe_mrta_v3,5,25,4,105.0,15,7,68
exp_deadline_pressure_ahe_mrta_v3_r5t25_seed04,deadline_pressure,ahe_mrta_v3,5,25,4,110.0,16,6,64
exp_deadline_pressure_ahe_mrta_v3_r5t25_seed04,deadline_pressure,ahe_mrta_v3,5,25,4,115.0,17,6,64
exp_deadline_pressure_ahe_mrta_v3_r5t25_seed04,deadline_pressure,ahe_mrta_v3,5,25,4,120.0,18,6,64
exp_deadline_pressure_ahe_mrta_v3_r5t25_seed04,deadline_pressure,ahe_mrta_v3,5,25,4,125.0,19,6,64
exp_deadline_pressure_ahe_mrta_v3_r5t25_seed05,deadline_pressure,ahe_mrta_v3,5,25,5,35.0,1,10,80
exp_deadline_pressure_ahe_mrta_v3_r5t25_seed05,deadline_pressure,ahe_mrta_v3,5,25,5,40.0,2,10,80
exp_deadline_pressure_ahe_mrta_v3_r5t25_seed05,deadline_pressure,ahe_mrta_v3,5,25,5,45.0,3,10,80
exp_deadline_pressure_ahe_mrta_v3_r5t25_seed05,deadline_pressure,ahe_mrta_v3,5,25,5,50.0,4,10,80
exp_deadline_pressure_ahe_mrta_v3_r5t25_seed05,deadline_pressure,ahe_mrta_v3,5,25,5,55.0,5,10,80
exp_deadline_pressure_ahe_mrta_v3_r5t25_seed05,deadline_pressure,ahe_mrta_v3,5,25,5,60.0,6,10,80
exp_deadline_pressure_ahe_mrta_v3_r5t25_seed05,deadline_pressure,ahe_mrta_v3,5,25,5,65.0,7,10,80
exp_deadline_pressure_ahe_mrta_v3_r5t25_seed05,deadline_pressure,ahe_mrta_v3,5,25,5,70.0,8,9,76
exp_deadline_pressure_ahe_mrta_v3_r5t25_seed05,deadline_pressure,ahe_mrta_v3,5,25,5,75.0,9,9,76
exp_deadline_pressure_ahe_mrta_v3_r5t25_seed05,deadline_pressure,ahe_mrta_v3,5,25,5,80.0,10,8,72
exp_deadline_pressure_ahe_mrta_v3_r5t25_seed05,deadline_pressure,ahe_mrta_v3,5,25,5,85.0,11,8,72
exp_deadline_pressure_ahe_mrta_v3_r5t25_seed05,deadline_pressure,ahe_mrta_v3,5,25,5,90.0,12,8,72
exp_deadline_pressure_ahe_mrta_v3_r5t25_seed05,deadline_pressure,ahe_mrta_v3,5,25,5,95.0,13,7,68
exp_deadline_pressure_ahe_mrta_v3_r5t25_seed05,deadline_pressure,ahe_mrta_v3,5,25,5,100.0,14,7,68
exp_deadline_pressure_ahe_mrta_v3_r5t25_seed05,deadline_pressure,ahe_mrta_v3,5,25,5,105.0,15,5,60
exp_deadline_pressure_ahe_mrta_v3_r5t25_seed05,deadline_pressure,ahe_mrta_v3,5,25,5,110.0,16,5,60
exp_deadline_pressure_ahe_mrta_v3_r5t25_seed05,deadline_pressure,ahe_mrta_v3,5,25,5,115.0,17,5,60
exp_deadline_pressure_ahe_mrta_v3_r5t25_seed05,deadline_pressure,ahe_mrta_v3,5,25,5,120.0,18,5,60
exp_deadline_pressure_ahe_mrta_v3_r5t25_seed05,deadline_pressure,ahe_mrta_v3,5,25,5,125.0,19,5,60
exp_deadline_pressure_ahe_mrta_v3_r5t25_seed05,deadline_pressure,ahe_mrta_v3,5,25,5,130.0,20,6,64
exp_mixed_stress_ahe_mrta_v3_r10t50_seed01,mixed_stress,ahe_mrta_v3,10,50,1,40.0,1,15,140
exp_mixed_stress_ahe_mrta_v3_r10t50_seed01,mixed_stress,ahe_mrta_v3,10,50,1,45.0,2,15,140
exp_mixed_stress_ahe_mrta_v3_r10t50_seed01,mixed_stress,ahe_mrta_v3,10,50,1,50.0,3,15,140
exp_mixed_stress_ahe_mrta_v3_r10t50_seed01,mixed_stress,ahe_mrta_v3,10,50,1,55.0,4,15,140
exp_mixed_stress_ahe_mrta_v3_r10t50_seed01,mixed_stress,ahe_mrta_v3,10,50,1,60.0,5,15,140
exp_mixed_stress_ahe_mrta_v3_r10t50_seed01,mixed_stress,ahe_mrta_v3,10,50,1,70.0,6,20,160
exp_mixed_stress_ahe_mrta_v3_r10t50_seed01,mixed_stress,ahe_mrta_v3,10,50,1,75.0,7,18,152
exp_mixed_stress_ahe_mrta_v3_r10t50_seed01,mixed_stress,ahe_mrta_v3,10,50,1,80.0,8,17,148
exp_mixed_stress_ahe_mrta_v3_r10t50_seed01,mixed_stress,ahe_mrta_v3,10,50,1,85.0,9,14,136
exp_mixed_stress_ahe_mrta_v3_r10t50_seed01,mixed_stress,ahe_mrta_v3,10,50,1,90.0,10,12,128
exp_mixed_stress_ahe_mrta_v3_r10t50_seed01,mixed_stress,ahe_mrta_v3,10,50,1,95.0,11,11,124
exp_mixed_stress_ahe_mrta_v3_r10t50_seed01,mixed_stress,ahe_mrta_v3,10,50,1,100.0,12,15,140
exp_mixed_stress_ahe_mrta_v3_r10t50_seed01,mixed_stress,ahe_mrta_v3,10,50,1,105.0,13,18,152
exp_mixed_stress_ahe_mrta_v3_r10t50_seed01,mixed_stress,ahe_mrta_v3,10,50,1,110.0,14,17,148
exp_mixed_stress_ahe_mrta_v3_r10t50_seed01,mixed_stress,ahe_mrta_v3,10,50,1,115.0,15,15,140
exp_mixed_stress_ahe_mrta_v3_r10t50_seed01,mixed_stress,ahe_mrta_v3,10,50,1,120.0,16,12,128
exp_mixed_stress_ahe_mrta_v3_r10t50_seed01,mixed_stress,ahe_mrta_v3,10,50,1,125.0,17,12,128
exp_mixed_stress_ahe_mrta_v3_r10t50_seed01,mixed_stress,ahe_mrta_v3,10,50,1,130.0,18,9,116
exp_mixed_stress_ahe_mrta_v3_r10t50_seed01,mixed_stress,ahe_mrta_v3,10,50,1,135.0,19,8,112
exp_mixed_stress_ahe_mrta_v3_r10t50_seed01,mixed_stress,ahe_mrta_v3,10,50,1,140.0,20,8,112
exp_mixed_stress_ahe_mrta_v3_r10t50_seed01,mixed_stress,ahe_mrta_v3,10,50,1,145.0,21,9,116
exp_mixed_stress_ahe_mrta_v3_r10t50_seed01,mixed_stress,ahe_mrta_v3,10,50,1,150.0,22,10,120
exp_mixed_stress_ahe_mrta_v3_r10t50_seed01,mixed_stress,ahe_mrta_v3,10,50,1,155.0,23,11,124
exp_mixed_stress_ahe_mrta_v3_r10t50_seed01,mixed_stress,ahe_mrta_v3,10,50,1,160.0,24,12,128
exp_mixed_stress_ahe_mrta_v3_r10t50_seed01,mixed_stress,ahe_mrta_v3,10,50,1,185.0,25,3,92
exp_mixed_stress_ahe_mrta_v3_r10t50_seed01,mixed_stress,ahe_mrta_v3,10,50,1,255.0,26,1,84
exp_mixed_stress_ahe_mrta_v3_r10t50_seed01,mixed_stress,ahe_mrta_v3,10,50,1,325.001,27,0,80
exp_mixed_stress_ahe_mrta_v3_r10t50_seed02,mixed_stress,ahe_mrta_v3,10,50,2,40.0,1,15,140
exp_mixed_stress_ahe_mrta_v3_r10t50_seed02,mixed_stress,ahe_mrta_v3,10,50,2,45.0,2,15,140
exp_mixed_stress_ahe_mrta_v3_r10t50_seed02,mixed_stress,ahe_mrta_v3,10,50,2,50.0,3,15,140
exp_mixed_stress_ahe_mrta_v3_r10t50_seed02,mixed_stress,ahe_mrta_v3,10,50,2,55.0,4,15,140
exp_mixed_stress_ahe_mrta_v3_r10t50_seed02,mixed_stress,ahe_mrta_v3,10,50,2,60.0,5,15,140
exp_mixed_stress_ahe_mrta_v3_r10t50_seed02,mixed_stress,ahe_mrta_v3,10,50,2,65.0,6,13,132
exp_mixed_stress_ahe_mrta_v3_r10t50_seed02,mixed_stress,ahe_mrta_v3,10,50,2,70.0,7,20,160
exp_mixed_stress_ahe_mrta_v3_r10t50_seed02,mixed_stress,ahe_mrta_v3,10,50,2,75.0,8,20,160
exp_mixed_stress_ahe_mrta_v3_r10t50_seed02,mixed_stress,ahe_mrta_v3,10,50,2,80.0,9,21,164
exp_mixed_stress_ahe_mrta_v3_r10t50_seed02,mixed_stress,ahe_mrta_v3,10,50,2,85.0,10,19,156
exp_mixed_stress_ahe_mrta_v3_r10t50_seed02,mixed_stress,ahe_mrta_v3,10,50,2,90.0,11,15,140
exp_mixed_stress_ahe_mrta_v3_r10t50_seed02,mixed_stress,ahe_mrta_v3,10,50,2,95.0,12,14,136
exp_mixed_stress_ahe_mrta_v3_r10t50_seed02,mixed_stress,ahe_mrta_v3,10,50,2,100.0,13,17,148
exp_mixed_stress_ahe_mrta_v3_r10t50_seed02,mixed_stress,ahe_mrta_v3,10,50,2,105.0,14,17,148
exp_mixed_stress_ahe_mrta_v3_r10t50_seed02,mixed_stress,ahe_mrta_v3,10,50,2,110.0,15,14,136
exp_mixed_stress_ahe_mrta_v3_r10t50_seed02,mixed_stress,ahe_mrta_v3,10,50,2,115.0,16,13,132
exp_mixed_stress_ahe_mrta_v3_r10t50_seed02,mixed_stress,ahe_mrta_v3,10,50,2,120.0,17,12,128
exp_mixed_stress_ahe_mrta_v3_r10t50_seed02,mixed_stress,ahe_mrta_v3,10,50,2,125.0,18,12,128
exp_mixed_stress_ahe_mrta_v3_r10t50_seed02,mixed_stress,ahe_mrta_v3,10,50,2,130.0,19,13,132
exp_mixed_stress_ahe_mrta_v3_r10t50_seed02,mixed_stress,ahe_mrta_v3,10,50,2,135.0,20,12,128
exp_mixed_stress_ahe_mrta_v3_r10t50_seed02,mixed_stress,ahe_mrta_v3,10,50,2,140.0,21,11,124
exp_mixed_stress_ahe_mrta_v3_r10t50_seed02,mixed_stress,ahe_mrta_v3,10,50,2,145.0,22,10,120
exp_mixed_stress_ahe_mrta_v3_r10t50_seed02,mixed_stress,ahe_mrta_v3,10,50,2,150.0,23,11,124
exp_mixed_stress_ahe_mrta_v3_r10t50_seed02,mixed_stress,ahe_mrta_v3,10,50,2,155.0,24,12,128
exp_mixed_stress_ahe_mrta_v3_r10t50_seed02,mixed_stress,ahe_mrta_v3,10,50,2,160.0,25,11,124
exp_mixed_stress_ahe_mrta_v3_r10t50_seed02,mixed_stress,ahe_mrta_v3,10,50,2,165.0,26,11,124
exp_mixed_stress_ahe_mrta_v3_r10t50_seed02,mixed_stress,ahe_mrta_v3,10,50,2,170.0,27,12,128
exp_mixed_stress_ahe_mrta_v3_r10t50_seed02,mixed_stress,ahe_mrta_v3,10,50,2,175.0,28,10,120
exp_mixed_stress_ahe_mrta_v3_r10t50_seed02,mixed_stress,ahe_mrta_v3,10,50,2,180.0,29,10,120
exp_mixed_stress_ahe_mrta_v3_r10t50_seed02,mixed_stress,ahe_mrta_v3,10,50,2,185.0,30,8,112
exp_mixed_stress_ahe_mrta_v3_r10t50_seed02,mixed_stress,ahe_mrta_v3,10,50,2,190.0,31,7,108
exp_mixed_stress_ahe_mrta_v3_r10t50_seed02,mixed_stress,ahe_mrta_v3,10,50,2,240.0,32,1,84
exp_mixed_stress_ahe_mrta_v3_r10t50_seed02,mixed_stress,ahe_mrta_v3,10,50,2,255.0,33,1,84
exp_mixed_stress_ahe_mrta_v3_r10t50_seed02,mixed_stress,ahe_mrta_v3,10,50,2,305.0,34,1,84
exp_mixed_stress_ahe_mrta_v3_r10t50_seed02,mixed_stress,ahe_mrta_v3,10,50,2,320.0,35,0,80
exp_mixed_stress_ahe_mrta_v3_r10t50_seed02,mixed_stress,ahe_mrta_v3,10,50,2,390.0,36,0,80
exp_mixed_stress_ahe_mrta_v3_r10t50_seed03,mixed_stress,ahe_mrta_v3,10,50,3,40.0,1,14,136
exp_mixed_stress_ahe_mrta_v3_r10t50_seed03,mixed_stress,ahe_mrta_v3,10,50,3,45.0,2,15,140
exp_mixed_stress_ahe_mrta_v3_r10t50_seed03,mixed_stress,ahe_mrta_v3,10,50,3,50.0,3,14,136
exp_mixed_stress_ahe_mrta_v3_r10t50_seed03,mixed_stress,ahe_mrta_v3,10,50,3,55.0,4,14,136
exp_mixed_stress_ahe_mrta_v3_r10t50_seed03,mixed_stress,ahe_mrta_v3,10,50,3,70.0,5,19,156
exp_mixed_stress_ahe_mrta_v3_r10t50_seed03,mixed_stress,ahe_mrta_v3,10,50,3,75.0,6,20,160
exp_mixed_stress_ahe_mrta_v3_r10t50_seed03,mixed_stress,ahe_mrta_v3,10,50,3,80.0,7,20,160
exp_mixed_stress_ahe_mrta_v3_r10t50_seed03,mixed_stress,ahe_mrta_v3,10,50,3,85.0,8,18,152
exp_mixed_stress_ahe_mrta_v3_r10t50_seed03,mixed_stress,ahe_mrta_v3,10,50,3,90.0,9,17,148
exp_mixed_stress_ahe_mrta_v3_r10t50_seed03,mixed_stress,ahe_mrta_v3,10,50,3,95.0,10,15,140
exp_mixed_stress_ahe_mrta_v3_r10t50_seed03,mixed_stress,ahe_mrta_v3,10,50,3,100.0,11,19,156
exp_mixed_stress_ahe_mrta_v3_r10t50_seed03,mixed_stress,ahe_mrta_v3,10,50,3,105.0,12,18,152
exp_mixed_stress_ahe_mrta_v3_r10t50_seed03,mixed_stress,ahe_mrta_v3,10,50,3,110.0,13,16,144
exp_mixed_stress_ahe_mrta_v3_r10t50_seed03,mixed_stress,ahe_mrta_v3,10,50,3,115.0,14,15,140
exp_mixed_stress_ahe_mrta_v3_r10t50_seed03,mixed_stress,ahe_mrta_v3,10,50,3,120.0,15,15,140
exp_mixed_stress_ahe_mrta_v3_r10t50_seed03,mixed_stress,ahe_mrta_v3,10,50,3,125.0,16,16,144
exp_mixed_stress_ahe_mrta_v3_r10t50_seed03,mixed_stress,ahe_mrta_v3,10,50,3,130.0,17,13,132
exp_mixed_stress_ahe_mrta_v3_r10t50_seed03,mixed_stress,ahe_mrta_v3,10,50,3,135.0,18,12,128
exp_mixed_stress_ahe_mrta_v3_r10t50_seed03,mixed_stress,ahe_mrta_v3,10,50,3,140.0,19,12,128
exp_mixed_stress_ahe_mrta_v3_r10t50_seed03,mixed_stress,ahe_mrta_v3,10,50,3,145.0,20,12,128
exp_mixed_stress_ahe_mrta_v3_r10t50_seed03,mixed_stress,ahe_mrta_v3,10,50,3,150.0,21,9,116
exp_mixed_stress_ahe_mrta_v3_r10t50_seed03,mixed_stress,ahe_mrta_v3,10,50,3,155.0,22,10,120
exp_mixed_stress_ahe_mrta_v3_r10t50_seed03,mixed_stress,ahe_mrta_v3,10,50,3,160.0,23,11,124
exp_mixed_stress_ahe_mrta_v3_r10t50_seed03,mixed_stress,ahe_mrta_v3,10,50,3,175.0,24,10,120
exp_mixed_stress_ahe_mrta_v3_r10t50_seed03,mixed_stress,ahe_mrta_v3,10,50,3,240.0,25,1,84
exp_mixed_stress_ahe_mrta_v3_r10t50_seed03,mixed_stress,ahe_mrta_v3,10,50,3,305.0,26,0,80
exp_mixed_stress_ahe_mrta_v3_r10t50_seed04,mixed_stress,ahe_mrta_v3,10,50,4,70.0,1,14,136
exp_mixed_stress_ahe_mrta_v3_r10t50_seed04,mixed_stress,ahe_mrta_v3,10,50,4,75.0,2,14,136
exp_mixed_stress_ahe_mrta_v3_r10t50_seed04,mixed_stress,ahe_mrta_v3,10,50,4,80.0,3,13,132
exp_mixed_stress_ahe_mrta_v3_r10t50_seed04,mixed_stress,ahe_mrta_v3,10,50,4,85.0,4,13,132
exp_mixed_stress_ahe_mrta_v3_r10t50_seed04,mixed_stress,ahe_mrta_v3,10,50,4,90.0,5,12,128
exp_mixed_stress_ahe_mrta_v3_r10t50_seed04,mixed_stress,ahe_mrta_v3,10,50,4,95.0,6,10,120
exp_mixed_stress_ahe_mrta_v3_r10t50_seed04,mixed_stress,ahe_mrta_v3,10,50,4,100.0,7,20,160
exp_mixed_stress_ahe_mrta_v3_r10t50_seed04,mixed_stress,ahe_mrta_v3,10,50,4,105.001,8,17,148
exp_mixed_stress_ahe_mrta_v3_r10t50_seed04,mixed_stress,ahe_mrta_v3,10,50,4,110.0,9,16,144
exp_mixed_stress_ahe_mrta_v3_r10t50_seed04,mixed_stress,ahe_mrta_v3,10,50,4,115.0,10,15,140
exp_mixed_stress_ahe_mrta_v3_r10t50_seed04,mixed_stress,ahe_mrta_v3,10,50,4,120.0,11,14,136
exp_mixed_stress_ahe_mrta_v3_r10t50_seed04,mixed_stress,ahe_mrta_v3,10,50,4,130.0,12,15,140
exp_mixed_stress_ahe_mrta_v3_r10t50_seed04,mixed_stress,ahe_mrta_v3,10,50,4,135.0,13,15,140
exp_mixed_stress_ahe_mrta_v3_r10t50_seed04,mixed_stress,ahe_mrta_v3,10,50,4,140.0,14,14,136
exp_mixed_stress_ahe_mrta_v3_r10t50_seed04,mixed_stress,ahe_mrta_v3,10,50,4,145.0,15,12,128
exp_mixed_stress_ahe_mrta_v3_r10t50_seed04,mixed_stress,ahe_mrta_v3,10,50,4,150.0,16,12,128
exp_mixed_stress_ahe_mrta_v3_r10t50_seed04,mixed_stress,ahe_mrta_v3,10,50,4,155.0,17,13,132
exp_mixed_stress_ahe_mrta_v3_r10t50_seed04,mixed_stress,ahe_mrta_v3,10,50,4,160.0,18,13,132
exp_mixed_stress_ahe_mrta_v3_r10t50_seed04,mixed_stress,ahe_mrta_v3,10,50,4,165.0,19,11,124
exp_mixed_stress_ahe_mrta_v3_r10t50_seed04,mixed_stress,ahe_mrta_v3,10,50,4,170.0,20,12,128
exp_mixed_stress_ahe_mrta_v3_r10t50_seed04,mixed_stress,ahe_mrta_v3,10,50,4,175.0,21,12,128
exp_mixed_stress_ahe_mrta_v3_r10t50_seed04,mixed_stress,ahe_mrta_v3,10,50,4,215.0,22,5,100
exp_mixed_stress_ahe_mrta_v3_r10t50_seed04,mixed_stress,ahe_mrta_v3,10,50,4,285.0,23,2,88
exp_mixed_stress_ahe_mrta_v3_r10t50_seed04,mixed_stress,ahe_mrta_v3,10,50,4,355.0,24,2,88
exp_mixed_stress_ahe_mrta_v3_r10t50_seed04,mixed_stress,ahe_mrta_v3,10,50,4,425.0,25,1,84
exp_mixed_stress_ahe_mrta_v3_r10t50_seed05,mixed_stress,ahe_mrta_v3,10,50,5,70.0,1,15,140
exp_mixed_stress_ahe_mrta_v3_r10t50_seed05,mixed_stress,ahe_mrta_v3,10,50,5,75.0,2,15,140
exp_mixed_stress_ahe_mrta_v3_r10t50_seed05,mixed_stress,ahe_mrta_v3,10,50,5,80.0,3,14,136
exp_mixed_stress_ahe_mrta_v3_r10t50_seed05,mixed_stress,ahe_mrta_v3,10,50,5,85.0,4,13,132
exp_mixed_stress_ahe_mrta_v3_r10t50_seed05,mixed_stress,ahe_mrta_v3,10,50,5,90.0,5,12,128
exp_mixed_stress_ahe_mrta_v3_r10t50_seed05,mixed_stress,ahe_mrta_v3,10,50,5,95.0,6,12,128
exp_mixed_stress_ahe_mrta_v3_r10t50_seed05,mixed_stress,ahe_mrta_v3,10,50,5,100.0,7,18,152
exp_mixed_stress_ahe_mrta_v3_r10t50_seed05,mixed_stress,ahe_mrta_v3,10,50,5,105.0,8,18,152
exp_mixed_stress_ahe_mrta_v3_r10t50_seed05,mixed_stress,ahe_mrta_v3,10,50,5,110.0,9,15,140
exp_mixed_stress_ahe_mrta_v3_r10t50_seed05,mixed_stress,ahe_mrta_v3,10,50,5,115.0,10,13,132
exp_mixed_stress_ahe_mrta_v3_r10t50_seed05,mixed_stress,ahe_mrta_v3,10,50,5,120.0,11,12,128
exp_mixed_stress_ahe_mrta_v3_r10t50_seed05,mixed_stress,ahe_mrta_v3,10,50,5,130.0,12,14,136
exp_mixed_stress_ahe_mrta_v3_r10t50_seed05,mixed_stress,ahe_mrta_v3,10,50,5,135.0,13,17,148
exp_mixed_stress_ahe_mrta_v3_r10t50_seed05,mixed_stress,ahe_mrta_v3,10,50,5,140.0,14,14,136
exp_mixed_stress_ahe_mrta_v3_r10t50_seed05,mixed_stress,ahe_mrta_v3,10,50,5,145.0,15,12,128
exp_mixed_stress_ahe_mrta_v3_r10t50_seed05,mixed_stress,ahe_mrta_v3,10,50,5,150.0,16,13,132
exp_mixed_stress_ahe_mrta_v3_r10t50_seed05,mixed_stress,ahe_mrta_v3,10,50,5,155.0,17,13,132
exp_mixed_stress_ahe_mrta_v3_r10t50_seed05,mixed_stress,ahe_mrta_v3,10,50,5,160.0,18,13,132
exp_mixed_stress_ahe_mrta_v3_r10t50_seed05,mixed_stress,ahe_mrta_v3,10,50,5,165.0,19,13,132
exp_mixed_stress_ahe_mrta_v3_r10t50_seed05,mixed_stress,ahe_mrta_v3,10,50,5,170.0,20,13,132
exp_mixed_stress_ahe_mrta_v3_r10t50_seed05,mixed_stress,ahe_mrta_v3,10,50,5,175.0,21,12,128
exp_mixed_stress_ahe_mrta_v3_r10t50_seed05,mixed_stress,ahe_mrta_v3,10,50,5,180.0,22,12,128
exp_mixed_stress_ahe_mrta_v3_r10t50_seed05,mixed_stress,ahe_mrta_v3,10,50,5,185.0,23,11,124
exp_mixed_stress_ahe_mrta_v3_r10t50_seed05,mixed_stress,ahe_mrta_v3,10,50,5,205.0,24,4,96
exp_mixed_stress_ahe_mrta_v3_r10t50_seed05,mixed_stress,ahe_mrta_v3,10,50,5,270.0,25,1,84
exp_mixed_stress_ahe_mrta_v3_r10t50_seed05,mixed_stress,ahe_mrta_v3,10,50,5,335.0,26,1,84
exp_mixed_stress_ahe_mrta_v3_r10t50_seed05,mixed_stress,ahe_mrta_v3,10,50,5,400.0,27,0,80
exp_mixed_stress_ahe_mrta_v3_r3t15_seed01,mixed_stress,ahe_mrta_v3,3,15,1,30.0,1,4,40
exp_mixed_stress_ahe_mrta_v3_r3t15_seed01,mixed_stress,ahe_mrta_v3,3,15,1,35.0,2,4,40
exp_mixed_stress_ahe_mrta_v3_r3t15_seed01,mixed_stress,ahe_mrta_v3,3,15,1,40.0,3,4,40
exp_mixed_stress_ahe_mrta_v3_r3t15_seed01,mixed_stress,ahe_mrta_v3,3,15,1,45.0,4,4,40
exp_mixed_stress_ahe_mrta_v3_r3t15_seed01,mixed_stress,ahe_mrta_v3,3,15,1,50.0,5,4,40
exp_mixed_stress_ahe_mrta_v3_r3t15_seed01,mixed_stress,ahe_mrta_v3,3,15,1,55.0,6,4,40
exp_mixed_stress_ahe_mrta_v3_r3t15_seed01,mixed_stress,ahe_mrta_v3,3,15,1,60.0,7,5,44
exp_mixed_stress_ahe_mrta_v3_r3t15_seed01,mixed_stress,ahe_mrta_v3,3,15,1,65.0,8,4,40
exp_mixed_stress_ahe_mrta_v3_r3t15_seed01,mixed_stress,ahe_mrta_v3,3,15,1,70.0,9,3,36
exp_mixed_stress_ahe_mrta_v3_r3t15_seed01,mixed_stress,ahe_mrta_v3,3,15,1,75.0,10,3,36
exp_mixed_stress_ahe_mrta_v3_r3t15_seed01,mixed_stress,ahe_mrta_v3,3,15,1,80.0,11,3,36
exp_mixed_stress_ahe_mrta_v3_r3t15_seed01,mixed_stress,ahe_mrta_v3,3,15,1,85.0,12,3,36
exp_mixed_stress_ahe_mrta_v3_r3t15_seed01,mixed_stress,ahe_mrta_v3,3,15,1,90.0,13,4,40
exp_mixed_stress_ahe_mrta_v3_r3t15_seed01,mixed_stress,ahe_mrta_v3,3,15,1,95.0,14,3,36
exp_mixed_stress_ahe_mrta_v3_r3t15_seed01,mixed_stress,ahe_mrta_v3,3,15,1,100.0,15,3,36
exp_mixed_stress_ahe_mrta_v3_r3t15_seed01,mixed_stress,ahe_mrta_v3,3,15,1,105.0,16,3,36
exp_mixed_stress_ahe_mrta_v3_r3t15_seed01,mixed_stress,ahe_mrta_v3,3,15,1,110.0,17,3,36
exp_mixed_stress_ahe_mrta_v3_r3t15_seed01,mixed_stress,ahe_mrta_v3,3,15,1,115.0,18,2,32
exp_mixed_stress_ahe_mrta_v3_r3t15_seed01,mixed_stress,ahe_mrta_v3,3,15,1,120.0,19,2,32
exp_mixed_stress_ahe_mrta_v3_r3t15_seed01,mixed_stress,ahe_mrta_v3,3,15,1,125.0,20,2,32
exp_mixed_stress_ahe_mrta_v3_r3t15_seed01,mixed_stress,ahe_mrta_v3,3,15,1,130.0,21,2,32
exp_mixed_stress_ahe_mrta_v3_r3t15_seed01,mixed_stress,ahe_mrta_v3,3,15,1,135.0,22,2,32
exp_mixed_stress_ahe_mrta_v3_r3t15_seed01,mixed_stress,ahe_mrta_v3,3,15,1,140.0,23,2,32
exp_mixed_stress_ahe_mrta_v3_r3t15_seed01,mixed_stress,ahe_mrta_v3,3,15,1,145.0,24,2,32
exp_mixed_stress_ahe_mrta_v3_r3t15_seed01,mixed_stress,ahe_mrta_v3,3,15,1,150.0,25,2,32
exp_mixed_stress_ahe_mrta_v3_r3t15_seed01,mixed_stress,ahe_mrta_v3,3,15,1,155.0,26,2,32
exp_mixed_stress_ahe_mrta_v3_r3t15_seed01,mixed_stress,ahe_mrta_v3,3,15,1,160.0,27,2,32
exp_mixed_stress_ahe_mrta_v3_r3t15_seed01,mixed_stress,ahe_mrta_v3,3,15,1,165.0,28,2,32
exp_mixed_stress_ahe_mrta_v3_r3t15_seed01,mixed_stress,ahe_mrta_v3,3,15,1,170.0,29,2,32
exp_mixed_stress_ahe_mrta_v3_r3t15_seed01,mixed_stress,ahe_mrta_v3,3,15,1,175.0,30,2,32
exp_mixed_stress_ahe_mrta_v3_r3t15_seed01,mixed_stress,ahe_mrta_v3,3,15,1,180.0,31,2,32
exp_mixed_stress_ahe_mrta_v3_r3t15_seed01,mixed_stress,ahe_mrta_v3,3,15,1,185.0,32,2,32
exp_mixed_stress_ahe_mrta_v3_r3t15_seed01,mixed_stress,ahe_mrta_v3,3,15,1,190.0,33,2,32
exp_mixed_stress_ahe_mrta_v3_r3t15_seed01,mixed_stress,ahe_mrta_v3,3,15,1,195.0,34,2,32
exp_mixed_stress_ahe_mrta_v3_r3t15_seed01,mixed_stress,ahe_mrta_v3,3,15,1,200.0,35,2,32
exp_mixed_stress_ahe_mrta_v3_r3t15_seed01,mixed_stress,ahe_mrta_v3,3,15,1,205.0,36,2,32
exp_mixed_stress_ahe_mrta_v3_r3t15_seed01,mixed_stress,ahe_mrta_v3,3,15,1,210.0,37,2,32
exp_mixed_stress_ahe_mrta_v3_r3t15_seed01,mixed_stress,ahe_mrta_v3,3,15,1,215.0,38,2,32
exp_mixed_stress_ahe_mrta_v3_r3t15_seed01,mixed_stress,ahe_mrta_v3,3,15,1,220.0,39,2,32
exp_mixed_stress_ahe_mrta_v3_r3t15_seed01,mixed_stress,ahe_mrta_v3,3,15,1,225.0,40,2,32
exp_mixed_stress_ahe_mrta_v3_r3t15_seed01,mixed_stress,ahe_mrta_v3,3,15,1,230.0,41,2,32
exp_mixed_stress_ahe_mrta_v3_r3t15_seed02,mixed_stress,ahe_mrta_v3,3,15,2,30.0,1,5,44
exp_mixed_stress_ahe_mrta_v3_r3t15_seed02,mixed_stress,ahe_mrta_v3,3,15,2,60.0,2,6,48
exp_mixed_stress_ahe_mrta_v3_r3t15_seed02,mixed_stress,ahe_mrta_v3,3,15,2,65.0,3,6,48
exp_mixed_stress_ahe_mrta_v3_r3t15_seed02,mixed_stress,ahe_mrta_v3,3,15,2,70.0,4,5,44
exp_mixed_stress_ahe_mrta_v3_r3t15_seed02,mixed_stress,ahe_mrta_v3,3,15,2,75.0,5,5,44
exp_mixed_stress_ahe_mrta_v3_r3t15_seed02,mixed_stress,ahe_mrta_v3,3,15,2,80.0,6,5,44
exp_mixed_stress_ahe_mrta_v3_r3t15_seed02,mixed_stress,ahe_mrta_v3,3,15,2,85.0,7,5,44
exp_mixed_stress_ahe_mrta_v3_r3t15_seed02,mixed_stress,ahe_mrta_v3,3,15,2,90.0,8,4,40
exp_mixed_stress_ahe_mrta_v3_r3t15_seed02,mixed_stress,ahe_mrta_v3,3,15,2,95.0,9,4,40
exp_mixed_stress_ahe_mrta_v3_r3t15_seed02,mixed_stress,ahe_mrta_v3,3,15,2,100.0,10,4,40
exp_mixed_stress_ahe_mrta_v3_r3t15_seed02,mixed_stress,ahe_mrta_v3,3,15,2,105.0,11,4,40
exp_mixed_stress_ahe_mrta_v3_r3t15_seed02,mixed_stress,ahe_mrta_v3,3,15,2,110.0,12,4,40
exp_mixed_stress_ahe_mrta_v3_r3t15_seed02,mixed_stress,ahe_mrta_v3,3,15,2,115.0,13,4,40
exp_mixed_stress_ahe_mrta_v3_r3t15_seed02,mixed_stress,ahe_mrta_v3,3,15,2,120.0,14,4,40
exp_mixed_stress_ahe_mrta_v3_r3t15_seed02,mixed_stress,ahe_mrta_v3,3,15,2,125.0,15,4,40
exp_mixed_stress_ahe_mrta_v3_r3t15_seed02,mixed_stress,ahe_mrta_v3,3,15,2,130.0,16,4,40
exp_mixed_stress_ahe_mrta_v3_r3t15_seed02,mixed_stress,ahe_mrta_v3,3,15,2,135.0,17,4,40
exp_mixed_stress_ahe_mrta_v3_r3t15_seed02,mixed_stress,ahe_mrta_v3,3,15,2,140.0,18,4,40
exp_mixed_stress_ahe_mrta_v3_r3t15_seed02,mixed_stress,ahe_mrta_v3,3,15,2,145.0,19,3,36
exp_mixed_stress_ahe_mrta_v3_r3t15_seed02,mixed_stress,ahe_mrta_v3,3,15,2,150.0,20,3,36
exp_mixed_stress_ahe_mrta_v3_r3t15_seed02,mixed_stress,ahe_mrta_v3,3,15,2,155.0,21,2,32
exp_mixed_stress_ahe_mrta_v3_r3t15_seed02,mixed_stress,ahe_mrta_v3,3,15,2,160.0,22,2,32
exp_mixed_stress_ahe_mrta_v3_r3t15_seed02,mixed_stress,ahe_mrta_v3,3,15,2,165.0,23,2,32
exp_mixed_stress_ahe_mrta_v3_r3t15_seed02,mixed_stress,ahe_mrta_v3,3,15,2,170.0,24,2,32
exp_mixed_stress_ahe_mrta_v3_r3t15_seed02,mixed_stress,ahe_mrta_v3,3,15,2,175.0,25,2,32
exp_mixed_stress_ahe_mrta_v3_r3t15_seed02,mixed_stress,ahe_mrta_v3,3,15,2,180.0,26,2,32
exp_mixed_stress_ahe_mrta_v3_r3t15_seed02,mixed_stress,ahe_mrta_v3,3,15,2,185.0,27,2,32
exp_mixed_stress_ahe_mrta_v3_r3t15_seed02,mixed_stress,ahe_mrta_v3,3,15,2,190.0,28,2,32
exp_mixed_stress_ahe_mrta_v3_r3t15_seed03,mixed_stress,ahe_mrta_v3,3,15,3,30.0,1,4,40
exp_mixed_stress_ahe_mrta_v3_r3t15_seed03,mixed_stress,ahe_mrta_v3,3,15,3,35.0,2,4,40
exp_mixed_stress_ahe_mrta_v3_r3t15_seed03,mixed_stress,ahe_mrta_v3,3,15,3,40.0,3,4,40
exp_mixed_stress_ahe_mrta_v3_r3t15_seed03,mixed_stress,ahe_mrta_v3,3,15,3,45.0,4,4,40
exp_mixed_stress_ahe_mrta_v3_r3t15_seed03,mixed_stress,ahe_mrta_v3,3,15,3,50.0,5,4,40
exp_mixed_stress_ahe_mrta_v3_r3t15_seed03,mixed_stress,ahe_mrta_v3,3,15,3,55.0,6,3,36
exp_mixed_stress_ahe_mrta_v3_r3t15_seed03,mixed_stress,ahe_mrta_v3,3,15,3,60.0,7,6,48
exp_mixed_stress_ahe_mrta_v3_r3t15_seed03,mixed_stress,ahe_mrta_v3,3,15,3,65.0,8,5,44
exp_mixed_stress_ahe_mrta_v3_r3t15_seed03,mixed_stress,ahe_mrta_v3,3,15,3,70.0,9,3,36
exp_mixed_stress_ahe_mrta_v3_r3t15_seed03,mixed_stress,ahe_mrta_v3,3,15,3,75.0,10,3,36
exp_mixed_stress_ahe_mrta_v3_r3t15_seed03,mixed_stress,ahe_mrta_v3,3,15,3,80.0,11,3,36
exp_mixed_stress_ahe_mrta_v3_r3t15_seed03,mixed_stress,ahe_mrta_v3,3,15,3,85.0,12,3,36
exp_mixed_stress_ahe_mrta_v3_r3t15_seed03,mixed_stress,ahe_mrta_v3,3,15,3,90.0,13,4,40
exp_mixed_stress_ahe_mrta_v3_r3t15_seed03,mixed_stress,ahe_mrta_v3,3,15,3,95.0,14,4,40
exp_mixed_stress_ahe_mrta_v3_r3t15_seed03,mixed_stress,ahe_mrta_v3,3,15,3,100.0,15,4,40
exp_mixed_stress_ahe_mrta_v3_r3t15_seed03,mixed_stress,ahe_mrta_v3,3,15,3,105.0,16,4,40
exp_mixed_stress_ahe_mrta_v3_r3t15_seed03,mixed_stress,ahe_mrta_v3,3,15,3,110.0,17,4,40
exp_mixed_stress_ahe_mrta_v3_r3t15_seed03,mixed_stress,ahe_mrta_v3,3,15,3,115.0,18,3,36
exp_mixed_stress_ahe_mrta_v3_r3t15_seed03,mixed_stress,ahe_mrta_v3,3,15,3,120.0,19,3,36
exp_mixed_stress_ahe_mrta_v3_r3t15_seed03,mixed_stress,ahe_mrta_v3,3,15,3,125.0,20,3,36
exp_mixed_stress_ahe_mrta_v3_r3t15_seed03,mixed_stress,ahe_mrta_v3,3,15,3,130.0,21,3,36
exp_mixed_stress_ahe_mrta_v3_r3t15_seed03,mixed_stress,ahe_mrta_v3,3,15,3,135.0,22,3,36
exp_mixed_stress_ahe_mrta_v3_r3t15_seed03,mixed_stress,ahe_mrta_v3,3,15,3,140.0,23,3,36
exp_mixed_stress_ahe_mrta_v3_r3t15_seed03,mixed_stress,ahe_mrta_v3,3,15,3,145.0,24,2,32
exp_mixed_stress_ahe_mrta_v3_r3t15_seed03,mixed_stress,ahe_mrta_v3,3,15,3,150.0,25,2,32
exp_mixed_stress_ahe_mrta_v3_r3t15_seed03,mixed_stress,ahe_mrta_v3,3,15,3,155.0,26,2,32
exp_mixed_stress_ahe_mrta_v3_r3t15_seed03,mixed_stress,ahe_mrta_v3,3,15,3,160.0,27,2,32
exp_mixed_stress_ahe_mrta_v3_r3t15_seed03,mixed_stress,ahe_mrta_v3,3,15,3,165.0,28,2,32
exp_mixed_stress_ahe_mrta_v3_r3t15_seed03,mixed_stress,ahe_mrta_v3,3,15,3,170.0,29,2,32
exp_mixed_stress_ahe_mrta_v3_r3t15_seed03,mixed_stress,ahe_mrta_v3,3,15,3,175.0,30,2,32
exp_mixed_stress_ahe_mrta_v3_r3t15_seed03,mixed_stress,ahe_mrta_v3,3,15,3,180.0,31,2,32
exp_mixed_stress_ahe_mrta_v3_r3t15_seed03,mixed_stress,ahe_mrta_v3,3,15,3,185.0,32,2,32
exp_mixed_stress_ahe_mrta_v3_r3t15_seed03,mixed_stress,ahe_mrta_v3,3,15,3,190.0,33,2,32
exp_mixed_stress_ahe_mrta_v3_r3t15_seed03,mixed_stress,ahe_mrta_v3,3,15,3,195.0,34,2,32
exp_mixed_stress_ahe_mrta_v3_r3t15_seed03,mixed_stress,ahe_mrta_v3,3,15,3,200.0,35,2,32
exp_mixed_stress_ahe_mrta_v3_r3t15_seed03,mixed_stress,ahe_mrta_v3,3,15,3,205.0,36,2,32
exp_mixed_stress_ahe_mrta_v3_r3t15_seed03,mixed_stress,ahe_mrta_v3,3,15,3,210.0,37,2,32
exp_mixed_stress_ahe_mrta_v3_r3t15_seed03,mixed_stress,ahe_mrta_v3,3,15,3,215.0,38,2,32
exp_mixed_stress_ahe_mrta_v3_r3t15_seed03,mixed_stress,ahe_mrta_v3,3,15,3,220.0,39,2,32
exp_mixed_stress_ahe_mrta_v3_r3t15_seed03,mixed_stress,ahe_mrta_v3,3,15,3,225.0,40,2,32
exp_mixed_stress_ahe_mrta_v3_r3t15_seed03,mixed_stress,ahe_mrta_v3,3,15,3,230.0,41,2,32
exp_mixed_stress_ahe_mrta_v3_r3t15_seed03,mixed_stress,ahe_mrta_v3,3,15,3,235.0,42,2,32
exp_mixed_stress_ahe_mrta_v3_r3t15_seed04,mixed_stress,ahe_mrta_v3,3,15,4,30.0,1,5,44
exp_mixed_stress_ahe_mrta_v3_r3t15_seed04,mixed_stress,ahe_mrta_v3,3,15,4,60.0,2,5,44
exp_mixed_stress_ahe_mrta_v3_r3t15_seed04,mixed_stress,ahe_mrta_v3,3,15,4,65.0,3,5,44
exp_mixed_stress_ahe_mrta_v3_r3t15_seed04,mixed_stress,ahe_mrta_v3,3,15,4,70.0,4,4,40
exp_mixed_stress_ahe_mrta_v3_r3t15_seed04,mixed_stress,ahe_mrta_v3,3,15,4,75.0,5,4,40
exp_mixed_stress_ahe_mrta_v3_r3t15_seed04,mixed_stress,ahe_mrta_v3,3,15,4,90.0,6,3,36
exp_mixed_stress_ahe_mrta_v3_r3t15_seed04,mixed_stress,ahe_mrta_v3,3,15,4,95.0,7,3,36
exp_mixed_stress_ahe_mrta_v3_r3t15_seed04,mixed_stress,ahe_mrta_v3,3,15,4,100.0,8,3,36
exp_mixed_stress_ahe_mrta_v3_r3t15_seed04,mixed_stress,ahe_mrta_v3,3,15,4,105.0,9,3,36
exp_mixed_stress_ahe_mrta_v3_r3t15_seed04,mixed_stress,ahe_mrta_v3,3,15,4,110.0,10,3,36
exp_mixed_stress_ahe_mrta_v3_r3t15_seed04,mixed_stress,ahe_mrta_v3,3,15,4,115.0,11,3,36
exp_mixed_stress_ahe_mrta_v3_r3t15_seed04,mixed_stress,ahe_mrta_v3,3,15,4,120.0,12,3,36
exp_mixed_stress_ahe_mrta_v3_r3t15_seed04,mixed_stress,ahe_mrta_v3,3,15,4,125.0,13,2,32
exp_mixed_stress_ahe_mrta_v3_r3t15_seed04,mixed_stress,ahe_mrta_v3,3,15,4,130.0,14,2,32
exp_mixed_stress_ahe_mrta_v3_r3t15_seed04,mixed_stress,ahe_mrta_v3,3,15,4,135.0,15,2,32
exp_mixed_stress_ahe_mrta_v3_r3t15_seed04,mixed_stress,ahe_mrta_v3,3,15,4,140.0,16,2,32
exp_mixed_stress_ahe_mrta_v3_r3t15_seed04,mixed_stress,ahe_mrta_v3,3,15,4,145.0,17,2,32
exp_mixed_stress_ahe_mrta_v3_r3t15_seed04,mixed_stress,ahe_mrta_v3,3,15,4,150.0,18,2,32
exp_mixed_stress_ahe_mrta_v3_r3t15_seed04,mixed_stress,ahe_mrta_v3,3,15,4,155.0,19,2,32
exp_mixed_stress_ahe_mrta_v3_r3t15_seed04,mixed_stress,ahe_mrta_v3,3,15,4,160.0,20,2,32
exp_mixed_stress_ahe_mrta_v3_r3t15_seed04,mixed_stress,ahe_mrta_v3,3,15,4,165.0,21,2,32
exp_mixed_stress_ahe_mrta_v3_r3t15_seed04,mixed_stress,ahe_mrta_v3,3,15,4,170.0,22,2,32
exp_mixed_stress_ahe_mrta_v3_r3t15_seed04,mixed_stress,ahe_mrta_v3,3,15,4,175.0,23,2,32
exp_mixed_stress_ahe_mrta_v3_r3t15_seed05,mixed_stress,ahe_mrta_v3,3,15,5,30.0,1,5,44
exp_mixed_stress_ahe_mrta_v3_r3t15_seed05,mixed_stress,ahe_mrta_v3,3,15,5,60.0,2,4,40
exp_mixed_stress_ahe_mrta_v3_r3t15_seed05,mixed_stress,ahe_mrta_v3,3,15,5,65.0,3,4,40
exp_mixed_stress_ahe_mrta_v3_r3t15_seed05,mixed_stress,ahe_mrta_v3,3,15,5,70.0,4,4,40
exp_mixed_stress_ahe_mrta_v3_r3t15_seed05,mixed_stress,ahe_mrta_v3,3,15,5,75.0,5,4,40
exp_mixed_stress_ahe_mrta_v3_r3t15_seed05,mixed_stress,ahe_mrta_v3,3,15,5,80.0,6,4,40
exp_mixed_stress_ahe_mrta_v3_r3t15_seed05,mixed_stress,ahe_mrta_v3,3,15,5,85.0,7,4,40
exp_mixed_stress_ahe_mrta_v3_r3t15_seed05,mixed_stress,ahe_mrta_v3,3,15,5,90.0,8,4,40
exp_mixed_stress_ahe_mrta_v3_r3t15_seed05,mixed_stress,ahe_mrta_v3,3,15,5,95.0,9,4,40
exp_mixed_stress_ahe_mrta_v3_r3t15_seed05,mixed_stress,ahe_mrta_v3,3,15,5,100.0,10,3,36
exp_mixed_stress_ahe_mrta_v3_r3t15_seed05,mixed_stress,ahe_mrta_v3,3,15,5,105.0,11,3,36
exp_mixed_stress_ahe_mrta_v3_r3t15_seed05,mixed_stress,ahe_mrta_v3,3,15,5,110.0,12,3,36
exp_mixed_stress_ahe_mrta_v3_r3t15_seed05,mixed_stress,ahe_mrta_v3,3,15,5,115.0,13,3,36
exp_mixed_stress_ahe_mrta_v3_r3t15_seed05,mixed_stress,ahe_mrta_v3,3,15,5,120.0,14,3,36
exp_mixed_stress_ahe_mrta_v3_r3t15_seed05,mixed_stress,ahe_mrta_v3,3,15,5,125.0,15,3,36
exp_mixed_stress_ahe_mrta_v3_r3t15_seed05,mixed_stress,ahe_mrta_v3,3,15,5,130.0,16,3,36
exp_mixed_stress_ahe_mrta_v3_r3t15_seed05,mixed_stress,ahe_mrta_v3,3,15,5,135.0,17,3,36
exp_mixed_stress_ahe_mrta_v3_r3t15_seed05,mixed_stress,ahe_mrta_v3,3,15,5,140.0,18,3,36
exp_mixed_stress_ahe_mrta_v3_r3t15_seed05,mixed_stress,ahe_mrta_v3,3,15,5,145.0,19,3,36
exp_mixed_stress_ahe_mrta_v3_r3t15_seed05,mixed_stress,ahe_mrta_v3,3,15,5,150.0,20,3,36
exp_mixed_stress_ahe_mrta_v3_r3t15_seed05,mixed_stress,ahe_mrta_v3,3,15,5,155.0,21,3,36
exp_mixed_stress_ahe_mrta_v3_r3t15_seed05,mixed_stress,ahe_mrta_v3,3,15,5,160.0,22,2,32
exp_mixed_stress_ahe_mrta_v3_r3t15_seed05,mixed_stress,ahe_mrta_v3,3,15,5,165.0,23,2,32
exp_mixed_stress_ahe_mrta_v3_r3t15_seed05,mixed_stress,ahe_mrta_v3,3,15,5,170.0,24,2,32
exp_mixed_stress_ahe_mrta_v3_r3t15_seed05,mixed_stress,ahe_mrta_v3,3,15,5,175.0,25,2,32
exp_mixed_stress_ahe_mrta_v3_r3t15_seed05,mixed_stress,ahe_mrta_v3,3,15,5,180.0,26,2,32
exp_mixed_stress_ahe_mrta_v3_r3t15_seed05,mixed_stress,ahe_mrta_v3,3,15,5,185.0,27,2,32
exp_mixed_stress_ahe_mrta_v3_r3t24_seed01,mixed_stress,ahe_mrta_v3,3,24,1,30.0,1,6,48
exp_mixed_stress_ahe_mrta_v3_r3t24_seed01,mixed_stress,ahe_mrta_v3,3,24,1,35.0,2,6,48
exp_mixed_stress_ahe_mrta_v3_r3t24_seed01,mixed_stress,ahe_mrta_v3,3,24,1,40.0,3,6,48
exp_mixed_stress_ahe_mrta_v3_r3t24_seed01,mixed_stress,ahe_mrta_v3,3,24,1,45.0,4,5,44
exp_mixed_stress_ahe_mrta_v3_r3t24_seed01,mixed_stress,ahe_mrta_v3,3,24,1,50.0,5,5,44
exp_mixed_stress_ahe_mrta_v3_r3t24_seed01,mixed_stress,ahe_mrta_v3,3,24,1,55.0,6,5,44
exp_mixed_stress_ahe_mrta_v3_r3t24_seed01,mixed_stress,ahe_mrta_v3,3,24,1,60.0,7,5,44
exp_mixed_stress_ahe_mrta_v3_r3t24_seed01,mixed_stress,ahe_mrta_v3,3,24,1,65.0,8,5,44
exp_mixed_stress_ahe_mrta_v3_r3t24_seed01,mixed_stress,ahe_mrta_v3,3,24,1,70.0,9,5,44
exp_mixed_stress_ahe_mrta_v3_r3t24_seed01,mixed_stress,ahe_mrta_v3,3,24,1,75.0,10,4,40
exp_mixed_stress_ahe_mrta_v3_r3t24_seed01,mixed_stress,ahe_mrta_v3,3,24,1,80.0,11,4,40
exp_mixed_stress_ahe_mrta_v3_r3t24_seed01,mixed_stress,ahe_mrta_v3,3,24,1,85.0,12,4,40
exp_mixed_stress_ahe_mrta_v3_r3t24_seed01,mixed_stress,ahe_mrta_v3,3,24,1,90.0,13,4,40
exp_mixed_stress_ahe_mrta_v3_r3t24_seed01,mixed_stress,ahe_mrta_v3,3,24,1,95.0,14,4,40
exp_mixed_stress_ahe_mrta_v3_r3t24_seed01,mixed_stress,ahe_mrta_v3,3,24,1,100.0,15,4,40
exp_mixed_stress_ahe_mrta_v3_r3t24_seed01,mixed_stress,ahe_mrta_v3,3,24,1,105.0,16,4,40
exp_mixed_stress_ahe_mrta_v3_r3t24_seed01,mixed_stress,ahe_mrta_v3,3,24,1,110.0,17,4,40
exp_mixed_stress_ahe_mrta_v3_r3t24_seed01,mixed_stress,ahe_mrta_v3,3,24,1,115.0,18,4,40
exp_mixed_stress_ahe_mrta_v3_r3t24_seed01,mixed_stress,ahe_mrta_v3,3,24,1,120.0,19,4,40
exp_mixed_stress_ahe_mrta_v3_r3t24_seed01,mixed_stress,ahe_mrta_v3,3,24,1,125.0,20,4,40
exp_mixed_stress_ahe_mrta_v3_r3t24_seed01,mixed_stress,ahe_mrta_v3,3,24,1,130.0,21,3,36
exp_mixed_stress_ahe_mrta_v3_r3t24_seed01,mixed_stress,ahe_mrta_v3,3,24,1,135.0,22,2,32
exp_mixed_stress_ahe_mrta_v3_r3t24_seed01,mixed_stress,ahe_mrta_v3,3,24,1,140.0,23,2,32
exp_mixed_stress_ahe_mrta_v3_r3t24_seed01,mixed_stress,ahe_mrta_v3,3,24,1,145.0,24,2,32
exp_mixed_stress_ahe_mrta_v3_r3t24_seed01,mixed_stress,ahe_mrta_v3,3,24,1,150.0,25,2,32
exp_mixed_stress_ahe_mrta_v3_r3t24_seed01,mixed_stress,ahe_mrta_v3,3,24,1,155.0,26,2,32
exp_mixed_stress_ahe_mrta_v3_r3t24_seed01,mixed_stress,ahe_mrta_v3,3,24,1,160.0,27,2,32
exp_mixed_stress_ahe_mrta_v3_r3t24_seed01,mixed_stress,ahe_mrta_v3,3,24,1,165.0,28,2,32
exp_mixed_stress_ahe_mrta_v3_r3t24_seed01,mixed_stress,ahe_mrta_v3,3,24,1,170.0,29,2,32
exp_mixed_stress_ahe_mrta_v3_r3t24_seed01,mixed_stress,ahe_mrta_v3,3,24,1,175.0,30,2,32
exp_mixed_stress_ahe_mrta_v3_r3t24_seed01,mixed_stress,ahe_mrta_v3,3,24,1,180.0,31,2,32
exp_mixed_stress_ahe_mrta_v3_r3t24_seed01,mixed_stress,ahe_mrta_v3,3,24,1,185.0,32,2,32
exp_mixed_stress_ahe_mrta_v3_r3t24_seed01,mixed_stress,ahe_mrta_v3,3,24,1,190.0,33,2,32
exp_mixed_stress_ahe_mrta_v3_r3t24_seed01,mixed_stress,ahe_mrta_v3,3,24,1,195.0,34,2,32
exp_mixed_stress_ahe_mrta_v3_r3t24_seed01,mixed_stress,ahe_mrta_v3,3,24,1,200.0,35,2,32
exp_mixed_stress_ahe_mrta_v3_r3t24_seed01,mixed_stress,ahe_mrta_v3,3,24,1,205.0,36,2,32
exp_mixed_stress_ahe_mrta_v3_r3t24_seed01,mixed_stress,ahe_mrta_v3,3,24,1,210.0,37,2,32
exp_mixed_stress_ahe_mrta_v3_r3t24_seed01,mixed_stress,ahe_mrta_v3,3,24,1,215.0,38,2,32
exp_mixed_stress_ahe_mrta_v3_r3t24_seed01,mixed_stress,ahe_mrta_v3,3,24,1,220.0,39,2,32
exp_mixed_stress_ahe_mrta_v3_r3t24_seed01,mixed_stress,ahe_mrta_v3,3,24,1,225.0,40,2,32
exp_mixed_stress_ahe_mrta_v3_r3t24_seed01,mixed_stress,ahe_mrta_v3,3,24,1,230.0,41,2,32
exp_mixed_stress_ahe_mrta_v3_r3t24_seed01,mixed_stress,ahe_mrta_v3,3,24,1,235.0,42,2,32
exp_mixed_stress_ahe_mrta_v3_r3t24_seed01,mixed_stress,ahe_mrta_v3,3,24,1,240.0,43,2,32
exp_mixed_stress_ahe_mrta_v3_r3t24_seed01,mixed_stress,ahe_mrta_v3,3,24,1,245.0,44,2,32
exp_mixed_stress_ahe_mrta_v3_r3t24_seed01,mixed_stress,ahe_mrta_v3,3,24,1,250.0,45,2,32
exp_mixed_stress_ahe_mrta_v3_r3t24_seed01,mixed_stress,ahe_mrta_v3,3,24,1,255.0,46,2,32
exp_mixed_stress_ahe_mrta_v3_r3t24_seed01,mixed_stress,ahe_mrta_v3,3,24,1,260.0,47,2,32
exp_mixed_stress_ahe_mrta_v3_r3t24_seed01,mixed_stress,ahe_mrta_v3,3,24,1,265.0,48,2,32
exp_mixed_stress_ahe_mrta_v3_r3t24_seed01,mixed_stress,ahe_mrta_v3,3,24,1,270.0,49,2,32
exp_mixed_stress_ahe_mrta_v3_r3t24_seed01,mixed_stress,ahe_mrta_v3,3,24,1,275.0,50,2,32
exp_mixed_stress_ahe_mrta_v3_r3t24_seed01,mixed_stress,ahe_mrta_v3,3,24,1,280.0,51,2,32
exp_mixed_stress_ahe_mrta_v3_r3t24_seed01,mixed_stress,ahe_mrta_v3,3,24,1,285.0,52,2,32
exp_mixed_stress_ahe_mrta_v3_r3t24_seed01,mixed_stress,ahe_mrta_v3,3,24,1,290.0,53,2,32
exp_mixed_stress_ahe_mrta_v3_r3t24_seed01,mixed_stress,ahe_mrta_v3,3,24,1,295.0,54,2,32
exp_mixed_stress_ahe_mrta_v3_r3t24_seed01,mixed_stress,ahe_mrta_v3,3,24,1,300.0,55,2,32
exp_mixed_stress_ahe_mrta_v3_r3t24_seed01,mixed_stress,ahe_mrta_v3,3,24,1,305.0,56,2,32
exp_mixed_stress_ahe_mrta_v3_r3t24_seed01,mixed_stress,ahe_mrta_v3,3,24,1,310.0,57,2,32
exp_mixed_stress_ahe_mrta_v3_r3t24_seed01,mixed_stress,ahe_mrta_v3,3,24,1,315.0,58,2,32
exp_mixed_stress_ahe_mrta_v3_r3t24_seed01,mixed_stress,ahe_mrta_v3,3,24,1,320.0,59,2,32
exp_mixed_stress_ahe_mrta_v3_r3t24_seed01,mixed_stress,ahe_mrta_v3,3,24,1,325.0,60,2,32
exp_mixed_stress_ahe_mrta_v3_r3t24_seed01,mixed_stress,ahe_mrta_v3,3,24,1,330.0,61,2,32
exp_mixed_stress_ahe_mrta_v3_r3t24_seed01,mixed_stress,ahe_mrta_v3,3,24,1,335.0,62,2,32
exp_mixed_stress_ahe_mrta_v3_r3t24_seed01,mixed_stress,ahe_mrta_v3,3,24,1,340.0,63,2,32
exp_mixed_stress_ahe_mrta_v3_r3t24_seed01,mixed_stress,ahe_mrta_v3,3,24,1,345.0,64,2,32
exp_mixed_stress_ahe_mrta_v3_r3t24_seed01,mixed_stress,ahe_mrta_v3,3,24,1,350.0,65,2,32
exp_mixed_stress_ahe_mrta_v3_r3t24_seed02,mixed_stress,ahe_mrta_v3,3,24,2,30.0,1,6,48
exp_mixed_stress_ahe_mrta_v3_r3t24_seed02,mixed_stress,ahe_mrta_v3,3,24,2,35.0,2,6,48
exp_mixed_stress_ahe_mrta_v3_r3t24_seed02,mixed_stress,ahe_mrta_v3,3,24,2,40.0,3,6,48
exp_mixed_stress_ahe_mrta_v3_r3t24_seed02,mixed_stress,ahe_mrta_v3,3,24,2,45.0,4,6,48
exp_mixed_stress_ahe_mrta_v3_r3t24_seed02,mixed_stress,ahe_mrta_v3,3,24,2,50.0,5,6,48
exp_mixed_stress_ahe_mrta_v3_r3t24_seed02,mixed_stress,ahe_mrta_v3,3,24,2,55.0,6,6,48
exp_mixed_stress_ahe_mrta_v3_r3t24_seed02,mixed_stress,ahe_mrta_v3,3,24,2,60.0,7,6,48
exp_mixed_stress_ahe_mrta_v3_r3t24_seed02,mixed_stress,ahe_mrta_v3,3,24,2,65.0,8,6,48
exp_mixed_stress_ahe_mrta_v3_r3t24_seed02,mixed_stress,ahe_mrta_v3,3,24,2,70.0,9,6,48
exp_mixed_stress_ahe_mrta_v3_r3t24_seed02,mixed_stress,ahe_mrta_v3,3,24,2,75.0,10,6,48
exp_mixed_stress_ahe_mrta_v3_r3t24_seed02,mixed_stress,ahe_mrta_v3,3,24,2,80.0,11,6,48
exp_mixed_stress_ahe_mrta_v3_r3t24_seed02,mixed_stress,ahe_mrta_v3,3,24,2,85.0,12,5,44
exp_mixed_stress_ahe_mrta_v3_r3t24_seed02,mixed_stress,ahe_mrta_v3,3,24,2,90.0,13,6,48
exp_mixed_stress_ahe_mrta_v3_r3t24_seed02,mixed_stress,ahe_mrta_v3,3,24,2,95.0,14,6,48
exp_mixed_stress_ahe_mrta_v3_r3t24_seed02,mixed_stress,ahe_mrta_v3,3,24,2,100.0,15,6,48
exp_mixed_stress_ahe_mrta_v3_r3t24_seed02,mixed_stress,ahe_mrta_v3,3,24,2,105.0,16,6,48
exp_mixed_stress_ahe_mrta_v3_r3t24_seed02,mixed_stress,ahe_mrta_v3,3,24,2,110.0,17,5,44
exp_mixed_stress_ahe_mrta_v3_r3t24_seed02,mixed_stress,ahe_mrta_v3,3,24,2,115.0,18,5,44
exp_mixed_stress_ahe_mrta_v3_r3t24_seed02,mixed_stress,ahe_mrta_v3,3,24,2,120.0,19,5,44
exp_mixed_stress_ahe_mrta_v3_r3t24_seed02,mixed_stress,ahe_mrta_v3,3,24,2,125.0,20,5,44
exp_mixed_stress_ahe_mrta_v3_r3t24_seed02,mixed_stress,ahe_mrta_v3,3,24,2,130.0,21,5,44
exp_mixed_stress_ahe_mrta_v3_r3t24_seed02,mixed_stress,ahe_mrta_v3,3,24,2,135.0,22,5,44
exp_mixed_stress_ahe_mrta_v3_r3t24_seed02,mixed_stress,ahe_mrta_v3,3,24,2,140.0,23,4,40
exp_mixed_stress_ahe_mrta_v3_r3t24_seed02,mixed_stress,ahe_mrta_v3,3,24,2,145.0,24,4,40
exp_mixed_stress_ahe_mrta_v3_r3t24_seed02,mixed_stress,ahe_mrta_v3,3,24,2,150.0,25,4,40
exp_mixed_stress_ahe_mrta_v3_r3t24_seed02,mixed_stress,ahe_mrta_v3,3,24,2,155.0,26,3,36
exp_mixed_stress_ahe_mrta_v3_r3t24_seed02,mixed_stress,ahe_mrta_v3,3,24,2,160.0,27,3,36
exp_mixed_stress_ahe_mrta_v3_r3t24_seed02,mixed_stress,ahe_mrta_v3,3,24,2,165.0,28,3,36
exp_mixed_stress_ahe_mrta_v3_r3t24_seed02,mixed_stress,ahe_mrta_v3,3,24,2,170.0,29,3,36
exp_mixed_stress_ahe_mrta_v3_r3t24_seed02,mixed_stress,ahe_mrta_v3,3,24,2,175.0,30,3,36
exp_mixed_stress_ahe_mrta_v3_r3t24_seed02,mixed_stress,ahe_mrta_v3,3,24,2,180.0,31,3,36
exp_mixed_stress_ahe_mrta_v3_r3t24_seed02,mixed_stress,ahe_mrta_v3,3,24,2,185.0,32,3,36
exp_mixed_stress_ahe_mrta_v3_r3t24_seed02,mixed_stress,ahe_mrta_v3,3,24,2,190.0,33,3,36
exp_mixed_stress_ahe_mrta_v3_r3t24_seed02,mixed_stress,ahe_mrta_v3,3,24,2,195.0,34,3,36
exp_mixed_stress_ahe_mrta_v3_r3t24_seed02,mixed_stress,ahe_mrta_v3,3,24,2,200.0,35,3,36
exp_mixed_stress_ahe_mrta_v3_r3t24_seed02,mixed_stress,ahe_mrta_v3,3,24,2,205.0,36,3,36
exp_mixed_stress_ahe_mrta_v3_r3t24_seed02,mixed_stress,ahe_mrta_v3,3,24,2,210.0,37,3,36
exp_mixed_stress_ahe_mrta_v3_r3t24_seed02,mixed_stress,ahe_mrta_v3,3,24,2,215.0,38,3,36
exp_mixed_stress_ahe_mrta_v3_r3t24_seed02,mixed_stress,ahe_mrta_v3,3,24,2,220.0,39,3,36
exp_mixed_stress_ahe_mrta_v3_r3t24_seed02,mixed_stress,ahe_mrta_v3,3,24,2,225.0,40,3,36
exp_mixed_stress_ahe_mrta_v3_r3t24_seed02,mixed_stress,ahe_mrta_v3,3,24,2,230.0,41,3,36
exp_mixed_stress_ahe_mrta_v3_r3t24_seed02,mixed_stress,ahe_mrta_v3,3,24,2,235.0,42,3,36
exp_mixed_stress_ahe_mrta_v3_r3t24_seed02,mixed_stress,ahe_mrta_v3,3,24,2,240.0,43,3,36
exp_mixed_stress_ahe_mrta_v3_r3t24_seed02,mixed_stress,ahe_mrta_v3,3,24,2,245.0,44,3,36
exp_mixed_stress_ahe_mrta_v3_r3t24_seed02,mixed_stress,ahe_mrta_v3,3,24,2,250.0,45,3,36
exp_mixed_stress_ahe_mrta_v3_r3t24_seed02,mixed_stress,ahe_mrta_v3,3,24,2,255.0,46,2,32
exp_mixed_stress_ahe_mrta_v3_r3t24_seed02,mixed_stress,ahe_mrta_v3,3,24,2,260.0,47,2,32
exp_mixed_stress_ahe_mrta_v3_r3t24_seed02,mixed_stress,ahe_mrta_v3,3,24,2,265.0,48,2,32
exp_mixed_stress_ahe_mrta_v3_r3t24_seed02,mixed_stress,ahe_mrta_v3,3,24,2,270.0,49,2,32
exp_mixed_stress_ahe_mrta_v3_r3t24_seed02,mixed_stress,ahe_mrta_v3,3,24,2,275.0,50,2,32
exp_mixed_stress_ahe_mrta_v3_r3t24_seed02,mixed_stress,ahe_mrta_v3,3,24,2,280.0,51,2,32
exp_mixed_stress_ahe_mrta_v3_r3t24_seed02,mixed_stress,ahe_mrta_v3,3,24,2,285.0,52,2,32
exp_mixed_stress_ahe_mrta_v3_r3t24_seed02,mixed_stress,ahe_mrta_v3,3,24,2,290.0,53,2,32
exp_mixed_stress_ahe_mrta_v3_r3t24_seed02,mixed_stress,ahe_mrta_v3,3,24,2,295.0,54,2,32
exp_mixed_stress_ahe_mrta_v3_r3t24_seed02,mixed_stress,ahe_mrta_v3,3,24,2,300.0,55,2,32
exp_mixed_stress_ahe_mrta_v3_r3t24_seed02,mixed_stress,ahe_mrta_v3,3,24,2,305.0,56,2,32
exp_mixed_stress_ahe_mrta_v3_r3t24_seed02,mixed_stress,ahe_mrta_v3,3,24,2,310.0,57,2,32
exp_mixed_stress_ahe_mrta_v3_r3t24_seed02,mixed_stress,ahe_mrta_v3,3,24,2,315.0,58,2,32
exp_mixed_stress_ahe_mrta_v3_r3t24_seed02,mixed_stress,ahe_mrta_v3,3,24,2,320.0,59,2,32
exp_mixed_stress_ahe_mrta_v3_r3t24_seed02,mixed_stress,ahe_mrta_v3,3,24,2,325.0,60,2,32
exp_mixed_stress_ahe_mrta_v3_r3t24_seed02,mixed_stress,ahe_mrta_v3,3,24,2,330.0,61,2,32
exp_mixed_stress_ahe_mrta_v3_r3t24_seed02,mixed_stress,ahe_mrta_v3,3,24,2,335.0,62,2,32
exp_mixed_stress_ahe_mrta_v3_r3t24_seed02,mixed_stress,ahe_mrta_v3,3,24,2,340.001,63,2,32
exp_mixed_stress_ahe_mrta_v3_r3t24_seed02,mixed_stress,ahe_mrta_v3,3,24,2,345.0,64,2,32
exp_mixed_stress_ahe_mrta_v3_r3t24_seed03,mixed_stress,ahe_mrta_v3,3,24,3,30.0,1,6,48
exp_mixed_stress_ahe_mrta_v3_r3t24_seed03,mixed_stress,ahe_mrta_v3,3,24,3,35.0,2,6,48
exp_mixed_stress_ahe_mrta_v3_r3t24_seed03,mixed_stress,ahe_mrta_v3,3,24,3,40.0,3,6,48
exp_mixed_stress_ahe_mrta_v3_r3t24_seed03,mixed_stress,ahe_mrta_v3,3,24,3,45.0,4,5,44
exp_mixed_stress_ahe_mrta_v3_r3t24_seed03,mixed_stress,ahe_mrta_v3,3,24,3,50.0,5,4,40
exp_mixed_stress_ahe_mrta_v3_r3t24_seed03,mixed_stress,ahe_mrta_v3,3,24,3,55.001,6,4,40
exp_mixed_stress_ahe_mrta_v3_r3t24_seed03,mixed_stress,ahe_mrta_v3,3,24,3,60.0,7,6,48
exp_mixed_stress_ahe_mrta_v3_r3t24_seed03,mixed_stress,ahe_mrta_v3,3,24,3,65.0,8,6,48
exp_mixed_stress_ahe_mrta_v3_r3t24_seed03,mixed_stress,ahe_mrta_v3,3,24,3,70.0,9,6,48
exp_mixed_stress_ahe_mrta_v3_r3t24_seed03,mixed_stress,ahe_mrta_v3,3,24,3,75.0,10,5,44
exp_mixed_stress_ahe_mrta_v3_r3t24_seed03,mixed_stress,ahe_mrta_v3,3,24,3,80.0,11,5,44
exp_mixed_stress_ahe_mrta_v3_r3t24_seed03,mixed_stress,ahe_mrta_v3,3,24,3,85.0,12,4,40
exp_mixed_stress_ahe_mrta_v3_r3t24_seed03,mixed_stress,ahe_mrta_v3,3,24,3,90.0,13,5,44
exp_mixed_stress_ahe_mrta_v3_r3t24_seed03,mixed_stress,ahe_mrta_v3,3,24,3,95.0,14,5,44
exp_mixed_stress_ahe_mrta_v3_r3t24_seed03,mixed_stress,ahe_mrta_v3,3,24,3,100.0,15,5,44
exp_mixed_stress_ahe_mrta_v3_r3t24_seed03,mixed_stress,ahe_mrta_v3,3,24,3,105.0,16,5,44
exp_mixed_stress_ahe_mrta_v3_r3t24_seed03,mixed_stress,ahe_mrta_v3,3,24,3,110.0,17,5,44
exp_mixed_stress_ahe_mrta_v3_r3t24_seed03,mixed_stress,ahe_mrta_v3,3,24,3,115.0,18,5,44
exp_mixed_stress_ahe_mrta_v3_r3t24_seed03,mixed_stress,ahe_mrta_v3,3,24,3,120.0,19,4,40
exp_mixed_stress_ahe_mrta_v3_r3t24_seed03,mixed_stress,ahe_mrta_v3,3,24,3,125.0,20,4,40
exp_mixed_stress_ahe_mrta_v3_r3t24_seed03,mixed_stress,ahe_mrta_v3,3,24,3,130.0,21,4,40
exp_mixed_stress_ahe_mrta_v3_r3t24_seed03,mixed_stress,ahe_mrta_v3,3,24,3,135.0,22,3,36
exp_mixed_stress_ahe_mrta_v3_r3t24_seed03,mixed_stress,ahe_mrta_v3,3,24,3,140.0,23,2,32
exp_mixed_stress_ahe_mrta_v3_r3t24_seed03,mixed_stress,ahe_mrta_v3,3,24,3,145.0,24,2,32
exp_mixed_stress_ahe_mrta_v3_r3t24_seed03,mixed_stress,ahe_mrta_v3,3,24,3,150.0,25,2,32
exp_mixed_stress_ahe_mrta_v3_r3t24_seed03,mixed_stress,ahe_mrta_v3,3,24,3,155.0,26,2,32
exp_mixed_stress_ahe_mrta_v3_r3t24_seed03,mixed_stress,ahe_mrta_v3,3,24,3,160.0,27,2,32
exp_mixed_stress_ahe_mrta_v3_r3t24_seed03,mixed_stress,ahe_mrta_v3,3,24,3,165.0,28,2,32
exp_mixed_stress_ahe_mrta_v3_r3t24_seed03,mixed_stress,ahe_mrta_v3,3,24,3,170.0,29,2,32
exp_mixed_stress_ahe_mrta_v3_r3t24_seed03,mixed_stress,ahe_mrta_v3,3,24,3,175.0,30,2,32
exp_mixed_stress_ahe_mrta_v3_r3t24_seed03,mixed_stress,ahe_mrta_v3,3,24,3,180.0,31,2,32
exp_mixed_stress_ahe_mrta_v3_r3t24_seed03,mixed_stress,ahe_mrta_v3,3,24,3,185.0,32,2,32
exp_mixed_stress_ahe_mrta_v3_r3t24_seed03,mixed_stress,ahe_mrta_v3,3,24,3,190.0,33,2,32
exp_mixed_stress_ahe_mrta_v3_r3t24_seed03,mixed_stress,ahe_mrta_v3,3,24,3,195.0,34,2,32
exp_mixed_stress_ahe_mrta_v3_r3t24_seed03,mixed_stress,ahe_mrta_v3,3,24,3,200.0,35,2,32
exp_mixed_stress_ahe_mrta_v3_r3t24_seed03,mixed_stress,ahe_mrta_v3,3,24,3,205.0,36,2,32
exp_mixed_stress_ahe_mrta_v3_r3t24_seed03,mixed_stress,ahe_mrta_v3,3,24,3,210.0,37,2,32
exp_mixed_stress_ahe_mrta_v3_r3t24_seed03,mixed_stress,ahe_mrta_v3,3,24,3,215.0,38,2,32
exp_mixed_stress_ahe_mrta_v3_r3t24_seed03,mixed_stress,ahe_mrta_v3,3,24,3,220.0,39,2,32
exp_mixed_stress_ahe_mrta_v3_r3t24_seed03,mixed_stress,ahe_mrta_v3,3,24,3,225.0,40,2,32
exp_mixed_stress_ahe_mrta_v3_r3t24_seed03,mixed_stress,ahe_mrta_v3,3,24,3,230.0,41,2,32
exp_mixed_stress_ahe_mrta_v3_r3t24_seed03,mixed_stress,ahe_mrta_v3,3,24,3,235.0,42,2,32
exp_mixed_stress_ahe_mrta_v3_r3t24_seed03,mixed_stress,ahe_mrta_v3,3,24,3,240.0,43,2,32
exp_mixed_stress_ahe_mrta_v3_r3t24_seed03,mixed_stress,ahe_mrta_v3,3,24,3,245.0,44,2,32
exp_mixed_stress_ahe_mrta_v3_r3t24_seed03,mixed_stress,ahe_mrta_v3,3,24,3,250.0,45,2,32
exp_mixed_stress_ahe_mrta_v3_r3t24_seed03,mixed_stress,ahe_mrta_v3,3,24,3,255.0,46,2,32
exp_mixed_stress_ahe_mrta_v3_r3t24_seed03,mixed_stress,ahe_mrta_v3,3,24,3,260.0,47,2,32
exp_mixed_stress_ahe_mrta_v3_r3t24_seed03,mixed_stress,ahe_mrta_v3,3,24,3,265.0,48,2,32
exp_mixed_stress_ahe_mrta_v3_r3t24_seed03,mixed_stress,ahe_mrta_v3,3,24,3,270.0,49,2,32
exp_mixed_stress_ahe_mrta_v3_r3t24_seed03,mixed_stress,ahe_mrta_v3,3,24,3,275.0,50,2,32
exp_mixed_stress_ahe_mrta_v3_r3t24_seed03,mixed_stress,ahe_mrta_v3,3,24,3,280.0,51,2,32
exp_mixed_stress_ahe_mrta_v3_r3t24_seed03,mixed_stress,ahe_mrta_v3,3,24,3,285.0,52,2,32
exp_mixed_stress_ahe_mrta_v3_r3t24_seed03,mixed_stress,ahe_mrta_v3,3,24,3,290.001,53,2,32
exp_mixed_stress_ahe_mrta_v3_r3t24_seed03,mixed_stress,ahe_mrta_v3,3,24,3,295.0,54,2,32
exp_mixed_stress_ahe_mrta_v3_r3t24_seed03,mixed_stress,ahe_mrta_v3,3,24,3,300.0,55,2,32
exp_mixed_stress_ahe_mrta_v3_r3t24_seed03,mixed_stress,ahe_mrta_v3,3,24,3,305.0,56,3,36
exp_mixed_stress_ahe_mrta_v3_r3t24_seed03,mixed_stress,ahe_mrta_v3,3,24,3,310.0,57,2,32
exp_mixed_stress_ahe_mrta_v3_r3t24_seed03,mixed_stress,ahe_mrta_v3,3,24,3,315.0,58,2,32
exp_mixed_stress_ahe_mrta_v3_r3t24_seed03,mixed_stress,ahe_mrta_v3,3,24,3,320.0,59,2,32
exp_mixed_stress_ahe_mrta_v3_r3t24_seed04,mixed_stress,ahe_mrta_v3,3,24,4,30.0,1,6,48
exp_mixed_stress_ahe_mrta_v3_r3t24_seed04,mixed_stress,ahe_mrta_v3,3,24,4,35.0,2,6,48
exp_mixed_stress_ahe_mrta_v3_r3t24_seed04,mixed_stress,ahe_mrta_v3,3,24,4,40.0,3,6,48
exp_mixed_stress_ahe_mrta_v3_r3t24_seed04,mixed_stress,ahe_mrta_v3,3,24,4,45.0,4,6,48
exp_mixed_stress_ahe_mrta_v3_r3t24_seed04,mixed_stress,ahe_mrta_v3,3,24,4,50.0,5,4,40
exp_mixed_stress_ahe_mrta_v3_r3t24_seed04,mixed_stress,ahe_mrta_v3,3,24,4,55.0,6,4,40
exp_mixed_stress_ahe_mrta_v3_r3t24_seed04,mixed_stress,ahe_mrta_v3,3,24,4,60.0,7,5,44
exp_mixed_stress_ahe_mrta_v3_r3t24_seed04,mixed_stress,ahe_mrta_v3,3,24,4,65.0,8,5,44
exp_mixed_stress_ahe_mrta_v3_r3t24_seed04,mixed_stress,ahe_mrta_v3,3,24,4,70.0,9,5,44
exp_mixed_stress_ahe_mrta_v3_r3t24_seed04,mixed_stress,ahe_mrta_v3,3,24,4,75.0,10,5,44
exp_mixed_stress_ahe_mrta_v3_r3t24_seed04,mixed_stress,ahe_mrta_v3,3,24,4,80.0,11,5,44
exp_mixed_stress_ahe_mrta_v3_r3t24_seed04,mixed_stress,ahe_mrta_v3,3,24,4,85.0,12,4,40
exp_mixed_stress_ahe_mrta_v3_r3t24_seed04,mixed_stress,ahe_mrta_v3,3,24,4,90.0,13,5,44
exp_mixed_stress_ahe_mrta_v3_r3t24_seed04,mixed_stress,ahe_mrta_v3,3,24,4,95.0,14,4,40
exp_mixed_stress_ahe_mrta_v3_r3t24_seed04,mixed_stress,ahe_mrta_v3,3,24,4,100.0,15,5,44
exp_mixed_stress_ahe_mrta_v3_r3t24_seed04,mixed_stress,ahe_mrta_v3,3,24,4,105.0,16,5,44
exp_mixed_stress_ahe_mrta_v3_r3t24_seed04,mixed_stress,ahe_mrta_v3,3,24,4,110.0,17,4,40
exp_mixed_stress_ahe_mrta_v3_r3t24_seed04,mixed_stress,ahe_mrta_v3,3,24,4,115.0,18,4,40
exp_mixed_stress_ahe_mrta_v3_r3t24_seed04,mixed_stress,ahe_mrta_v3,3,24,4,120.0,19,4,40
exp_mixed_stress_ahe_mrta_v3_r3t24_seed04,mixed_stress,ahe_mrta_v3,3,24,4,125.0,20,4,40
exp_mixed_stress_ahe_mrta_v3_r3t24_seed04,mixed_stress,ahe_mrta_v3,3,24,4,130.0,21,4,40
exp_mixed_stress_ahe_mrta_v3_r3t24_seed04,mixed_stress,ahe_mrta_v3,3,24,4,135.0,22,4,40
exp_mixed_stress_ahe_mrta_v3_r3t24_seed04,mixed_stress,ahe_mrta_v3,3,24,4,140.0,23,4,40
exp_mixed_stress_ahe_mrta_v3_r3t24_seed04,mixed_stress,ahe_mrta_v3,3,24,4,145.0,24,4,40
exp_mixed_stress_ahe_mrta_v3_r3t24_seed04,mixed_stress,ahe_mrta_v3,3,24,4,150.0,25,4,40
exp_mixed_stress_ahe_mrta_v3_r3t24_seed04,mixed_stress,ahe_mrta_v3,3,24,4,155.0,26,4,40
exp_mixed_stress_ahe_mrta_v3_r3t24_seed04,mixed_stress,ahe_mrta_v3,3,24,4,160.0,27,3,36
exp_mixed_stress_ahe_mrta_v3_r3t24_seed04,mixed_stress,ahe_mrta_v3,3,24,4,165.0,28,3,36
exp_mixed_stress_ahe_mrta_v3_r3t24_seed04,mixed_stress,ahe_mrta_v3,3,24,4,170.0,29,3,36
exp_mixed_stress_ahe_mrta_v3_r3t24_seed04,mixed_stress,ahe_mrta_v3,3,24,4,175.0,30,2,32
exp_mixed_stress_ahe_mrta_v3_r3t24_seed04,mixed_stress,ahe_mrta_v3,3,24,4,180.0,31,2,32
exp_mixed_stress_ahe_mrta_v3_r3t24_seed04,mixed_stress,ahe_mrta_v3,3,24,4,185.0,32,2,32
exp_mixed_stress_ahe_mrta_v3_r3t24_seed04,mixed_stress,ahe_mrta_v3,3,24,4,190.0,33,2,32
exp_mixed_stress_ahe_mrta_v3_r3t24_seed04,mixed_stress,ahe_mrta_v3,3,24,4,195.0,34,2,32
exp_mixed_stress_ahe_mrta_v3_r3t24_seed04,mixed_stress,ahe_mrta_v3,3,24,4,200.0,35,2,32
exp_mixed_stress_ahe_mrta_v3_r3t24_seed04,mixed_stress,ahe_mrta_v3,3,24,4,205.0,36,2,32
exp_mixed_stress_ahe_mrta_v3_r3t24_seed04,mixed_stress,ahe_mrta_v3,3,24,4,210.001,37,2,32
exp_mixed_stress_ahe_mrta_v3_r3t24_seed04,mixed_stress,ahe_mrta_v3,3,24,4,215.0,38,2,32
exp_mixed_stress_ahe_mrta_v3_r3t24_seed04,mixed_stress,ahe_mrta_v3,3,24,4,220.0,39,2,32
exp_mixed_stress_ahe_mrta_v3_r3t24_seed04,mixed_stress,ahe_mrta_v3,3,24,4,225.0,40,2,32
exp_mixed_stress_ahe_mrta_v3_r3t24_seed04,mixed_stress,ahe_mrta_v3,3,24,4,230.0,41,3,36
exp_mixed_stress_ahe_mrta_v3_r3t24_seed04,mixed_stress,ahe_mrta_v3,3,24,4,235.0,42,3,36
exp_mixed_stress_ahe_mrta_v3_r3t24_seed04,mixed_stress,ahe_mrta_v3,3,24,4,240.0,43,2,32
exp_mixed_stress_ahe_mrta_v3_r3t24_seed04,mixed_stress,ahe_mrta_v3,3,24,4,245.0,44,2,32
exp_mixed_stress_ahe_mrta_v3_r3t24_seed04,mixed_stress,ahe_mrta_v3,3,24,4,250.0,45,2,32
exp_mixed_stress_ahe_mrta_v3_r3t24_seed04,mixed_stress,ahe_mrta_v3,3,24,4,255.0,46,2,32
exp_mixed_stress_ahe_mrta_v3_r3t24_seed04,mixed_stress,ahe_mrta_v3,3,24,4,260.0,47,2,32
exp_mixed_stress_ahe_mrta_v3_r3t24_seed04,mixed_stress,ahe_mrta_v3,3,24,4,265.0,48,2,32
exp_mixed_stress_ahe_mrta_v3_r3t24_seed04,mixed_stress,ahe_mrta_v3,3,24,4,270.0,49,2,32
exp_mixed_stress_ahe_mrta_v3_r3t24_seed04,mixed_stress,ahe_mrta_v3,3,24,4,275.0,50,2,32
exp_mixed_stress_ahe_mrta_v3_r3t24_seed04,mixed_stress,ahe_mrta_v3,3,24,4,280.0,51,2,32
exp_mixed_stress_ahe_mrta_v3_r3t24_seed04,mixed_stress,ahe_mrta_v3,3,24,4,285.0,52,2,32
exp_mixed_stress_ahe_mrta_v3_r3t24_seed04,mixed_stress,ahe_mrta_v3,3,24,4,290.0,53,2,32
exp_mixed_stress_ahe_mrta_v3_r3t24_seed04,mixed_stress,ahe_mrta_v3,3,24,4,295.0,54,2,32
exp_mixed_stress_ahe_mrta_v3_r3t24_seed05,mixed_stress,ahe_mrta_v3,3,24,5,30.0,1,6,48
exp_mixed_stress_ahe_mrta_v3_r3t24_seed05,mixed_stress,ahe_mrta_v3,3,24,5,35.0,2,6,48
exp_mixed_stress_ahe_mrta_v3_r3t24_seed05,mixed_stress,ahe_mrta_v3,3,24,5,40.0,3,6,48
exp_mixed_stress_ahe_mrta_v3_r3t24_seed05,mixed_stress,ahe_mrta_v3,3,24,5,45.0,4,6,48
exp_mixed_stress_ahe_mrta_v3_r3t24_seed05,mixed_stress,ahe_mrta_v3,3,24,5,50.0,5,6,48
exp_mixed_stress_ahe_mrta_v3_r3t24_seed05,mixed_stress,ahe_mrta_v3,3,24,5,55.0,6,4,40
exp_mixed_stress_ahe_mrta_v3_r3t24_seed05,mixed_stress,ahe_mrta_v3,3,24,5,60.0,7,6,48
exp_mixed_stress_ahe_mrta_v3_r3t24_seed05,mixed_stress,ahe_mrta_v3,3,24,5,65.0,8,6,48
exp_mixed_stress_ahe_mrta_v3_r3t24_seed05,mixed_stress,ahe_mrta_v3,3,24,5,70.0,9,6,48
exp_mixed_stress_ahe_mrta_v3_r3t24_seed05,mixed_stress,ahe_mrta_v3,3,24,5,75.0,10,6,48
exp_mixed_stress_ahe_mrta_v3_r3t24_seed05,mixed_stress,ahe_mrta_v3,3,24,5,80.0,11,6,48
exp_mixed_stress_ahe_mrta_v3_r3t24_seed05,mixed_stress,ahe_mrta_v3,3,24,5,85.0,12,6,48
exp_mixed_stress_ahe_mrta_v3_r3t24_seed05,mixed_stress,ahe_mrta_v3,3,24,5,90.0,13,5,44
exp_mixed_stress_ahe_mrta_v3_r3t24_seed05,mixed_stress,ahe_mrta_v3,3,24,5,95.0,14,5,44
exp_mixed_stress_ahe_mrta_v3_r3t24_seed05,mixed_stress,ahe_mrta_v3,3,24,5,100.0,15,5,44
exp_mixed_stress_ahe_mrta_v3_r3t24_seed05,mixed_stress,ahe_mrta_v3,3,24,5,105.0,16,5,44
exp_mixed_stress_ahe_mrta_v3_r3t24_seed05,mixed_stress,ahe_mrta_v3,3,24,5,110.0,17,5,44
exp_mixed_stress_ahe_mrta_v3_r3t24_seed05,mixed_stress,ahe_mrta_v3,3,24,5,115.0,18,5,44
exp_mixed_stress_ahe_mrta_v3_r3t24_seed05,mixed_stress,ahe_mrta_v3,3,24,5,120.0,19,5,44
exp_mixed_stress_ahe_mrta_v3_r3t24_seed05,mixed_stress,ahe_mrta_v3,3,24,5,125.0,20,4,40
exp_mixed_stress_ahe_mrta_v3_r3t24_seed05,mixed_stress,ahe_mrta_v3,3,24,5,130.0,21,4,40
exp_mixed_stress_ahe_mrta_v3_r3t24_seed05,mixed_stress,ahe_mrta_v3,3,24,5,135.0,22,4,40
exp_mixed_stress_ahe_mrta_v3_r3t24_seed05,mixed_stress,ahe_mrta_v3,3,24,5,140.0,23,4,40
exp_mixed_stress_ahe_mrta_v3_r3t24_seed05,mixed_stress,ahe_mrta_v3,3,24,5,145.0,24,4,40
exp_mixed_stress_ahe_mrta_v3_r3t24_seed05,mixed_stress,ahe_mrta_v3,3,24,5,150.0,25,4,40
exp_mixed_stress_ahe_mrta_v3_r3t24_seed05,mixed_stress,ahe_mrta_v3,3,24,5,155.0,26,4,40
exp_mixed_stress_ahe_mrta_v3_r3t24_seed05,mixed_stress,ahe_mrta_v3,3,24,5,160.0,27,4,40
exp_mixed_stress_ahe_mrta_v3_r3t24_seed05,mixed_stress,ahe_mrta_v3,3,24,5,165.0,28,3,36
exp_mixed_stress_ahe_mrta_v3_r3t24_seed05,mixed_stress,ahe_mrta_v3,3,24,5,170.0,29,3,36
exp_mixed_stress_ahe_mrta_v3_r3t24_seed05,mixed_stress,ahe_mrta_v3,3,24,5,175.0,30,3,36
exp_mixed_stress_ahe_mrta_v3_r3t24_seed05,mixed_stress,ahe_mrta_v3,3,24,5,180.0,31,3,36
exp_mixed_stress_ahe_mrta_v3_r3t24_seed05,mixed_stress,ahe_mrta_v3,3,24,5,185.0,32,3,36
exp_mixed_stress_ahe_mrta_v3_r3t24_seed05,mixed_stress,ahe_mrta_v3,3,24,5,190.0,33,3,36
exp_mixed_stress_ahe_mrta_v3_r3t24_seed05,mixed_stress,ahe_mrta_v3,3,24,5,195.0,34,3,36
exp_mixed_stress_ahe_mrta_v3_r3t24_seed05,mixed_stress,ahe_mrta_v3,3,24,5,200.0,35,3,36
exp_mixed_stress_ahe_mrta_v3_r3t24_seed05,mixed_stress,ahe_mrta_v3,3,24,5,205.0,36,3,36
exp_mixed_stress_ahe_mrta_v3_r3t24_seed05,mixed_stress,ahe_mrta_v3,3,24,5,210.0,37,3,36
exp_mixed_stress_ahe_mrta_v3_r3t24_seed05,mixed_stress,ahe_mrta_v3,3,24,5,215.0,38,3,36
exp_mixed_stress_ahe_mrta_v3_r3t24_seed05,mixed_stress,ahe_mrta_v3,3,24,5,220.0,39,3,36
exp_mixed_stress_ahe_mrta_v3_r3t24_seed05,mixed_stress,ahe_mrta_v3,3,24,5,225.0,40,3,36
exp_mixed_stress_ahe_mrta_v3_r3t24_seed05,mixed_stress,ahe_mrta_v3,3,24,5,230.0,41,3,36
exp_mixed_stress_ahe_mrta_v3_r3t24_seed05,mixed_stress,ahe_mrta_v3,3,24,5,235.0,42,3,36
exp_mixed_stress_ahe_mrta_v3_r3t24_seed05,mixed_stress,ahe_mrta_v3,3,24,5,240.0,43,3,36
exp_mixed_stress_ahe_mrta_v3_r3t24_seed05,mixed_stress,ahe_mrta_v3,3,24,5,245.0,44,3,36
exp_mixed_stress_ahe_mrta_v3_r3t24_seed05,mixed_stress,ahe_mrta_v3,3,24,5,250.0,45,3,36
exp_mixed_stress_ahe_mrta_v3_r3t24_seed05,mixed_stress,ahe_mrta_v3,3,24,5,255.0,46,3,36
exp_mixed_stress_ahe_mrta_v3_r3t24_seed05,mixed_stress,ahe_mrta_v3,3,24,5,260.0,47,3,36
exp_mixed_stress_ahe_mrta_v3_r3t24_seed05,mixed_stress,ahe_mrta_v3,3,24,5,265.0,48,3,36
exp_mixed_stress_ahe_mrta_v3_r3t24_seed05,mixed_stress,ahe_mrta_v3,3,24,5,270.0,49,3,36
exp_mixed_stress_ahe_mrta_v3_r3t24_seed05,mixed_stress,ahe_mrta_v3,3,24,5,275.0,50,3,36
exp_mixed_stress_ahe_mrta_v3_r3t24_seed05,mixed_stress,ahe_mrta_v3,3,24,5,280.0,51,3,36
exp_mixed_stress_ahe_mrta_v3_r3t24_seed05,mixed_stress,ahe_mrta_v3,3,24,5,285.0,52,3,36
exp_mixed_stress_ahe_mrta_v3_r3t24_seed05,mixed_stress,ahe_mrta_v3,3,24,5,290.0,53,3,36
exp_mixed_stress_ahe_mrta_v3_r3t24_seed05,mixed_stress,ahe_mrta_v3,3,24,5,295.0,54,3,36
exp_mixed_stress_ahe_mrta_v3_r3t24_seed05,mixed_stress,ahe_mrta_v3,3,24,5,300.0,55,3,36
exp_mixed_stress_ahe_mrta_v3_r3t24_seed05,mixed_stress,ahe_mrta_v3,3,24,5,305.0,56,2,32
exp_mixed_stress_ahe_mrta_v3_r3t24_seed05,mixed_stress,ahe_mrta_v3,3,24,5,310.0,57,3,36
exp_mixed_stress_ahe_mrta_v3_r3t24_seed05,mixed_stress,ahe_mrta_v3,3,24,5,315.0,58,2,32
exp_mixed_stress_ahe_mrta_v3_r3t24_seed05,mixed_stress,ahe_mrta_v3,3,24,5,320.0,59,2,32
exp_mixed_stress_ahe_mrta_v3_r3t24_seed05,mixed_stress,ahe_mrta_v3,3,24,5,325.0,60,2,32
exp_mixed_stress_ahe_mrta_v3_r3t24_seed05,mixed_stress,ahe_mrta_v3,3,24,5,330.0,61,2,32
exp_mixed_stress_ahe_mrta_v3_r3t24_seed05,mixed_stress,ahe_mrta_v3,3,24,5,335.0,62,2,32
exp_mixed_stress_ahe_mrta_v3_r3t24_seed05,mixed_stress,ahe_mrta_v3,3,24,5,340.0,63,2,32
exp_mixed_stress_ahe_mrta_v3_r3t24_seed05,mixed_stress,ahe_mrta_v3,3,24,5,345.0,64,2,32
exp_mixed_stress_ahe_mrta_v3_r3t24_seed05,mixed_stress,ahe_mrta_v3,3,24,5,350.0,65,2,32
exp_mixed_stress_ahe_mrta_v3_r3t24_seed05,mixed_stress,ahe_mrta_v3,3,24,5,355.0,66,2,32
exp_mixed_stress_ahe_mrta_v3_r3t24_seed05,mixed_stress,ahe_mrta_v3,3,24,5,360.0,67,2,32
exp_mixed_stress_ahe_mrta_v3_r3t24_seed05,mixed_stress,ahe_mrta_v3,3,24,5,365.0,68,2,32
exp_mixed_stress_ahe_mrta_v3_r3t24_seed05,mixed_stress,ahe_mrta_v3,3,24,5,370.0,69,2,32
exp_mixed_stress_ahe_mrta_v3_r3t24_seed05,mixed_stress,ahe_mrta_v3,3,24,5,375.0,70,1,28
exp_mixed_stress_ahe_mrta_v3_r3t9_seed01,mixed_stress,ahe_mrta_v3,3,9,1,30.0,1,3,36
exp_mixed_stress_ahe_mrta_v3_r3t9_seed01,mixed_stress,ahe_mrta_v3,3,9,1,60.0,2,4,40
exp_mixed_stress_ahe_mrta_v3_r3t9_seed01,mixed_stress,ahe_mrta_v3,3,9,1,65.0,3,4,40
exp_mixed_stress_ahe_mrta_v3_r3t9_seed01,mixed_stress,ahe_mrta_v3,3,9,1,70.0,4,4,40
exp_mixed_stress_ahe_mrta_v3_r3t9_seed01,mixed_stress,ahe_mrta_v3,3,9,1,75.0,5,2,32
exp_mixed_stress_ahe_mrta_v3_r3t9_seed01,mixed_stress,ahe_mrta_v3,3,9,1,90.0,6,3,36
exp_mixed_stress_ahe_mrta_v3_r3t9_seed01,mixed_stress,ahe_mrta_v3,3,9,1,95.0,7,3,36
exp_mixed_stress_ahe_mrta_v3_r3t9_seed01,mixed_stress,ahe_mrta_v3,3,9,1,100.0,8,3,36
exp_mixed_stress_ahe_mrta_v3_r3t9_seed01,mixed_stress,ahe_mrta_v3,3,9,1,105.0,9,3,36
exp_mixed_stress_ahe_mrta_v3_r3t9_seed01,mixed_stress,ahe_mrta_v3,3,9,1,110.0,10,3,36
exp_mixed_stress_ahe_mrta_v3_r3t9_seed01,mixed_stress,ahe_mrta_v3,3,9,1,115.0,11,3,36
exp_mixed_stress_ahe_mrta_v3_r3t9_seed01,mixed_stress,ahe_mrta_v3,3,9,1,120.0,12,2,32
exp_mixed_stress_ahe_mrta_v3_r3t9_seed01,mixed_stress,ahe_mrta_v3,3,9,1,125.0,13,2,32
exp_mixed_stress_ahe_mrta_v3_r3t9_seed01,mixed_stress,ahe_mrta_v3,3,9,1,130.0,14,2,32
exp_mixed_stress_ahe_mrta_v3_r3t9_seed01,mixed_stress,ahe_mrta_v3,3,9,1,135.0,15,2,32
exp_mixed_stress_ahe_mrta_v3_r3t9_seed01,mixed_stress,ahe_mrta_v3,3,9,1,140.0,16,2,32
exp_mixed_stress_ahe_mrta_v3_r3t9_seed01,mixed_stress,ahe_mrta_v3,3,9,1,145.0,17,2,32
exp_mixed_stress_ahe_mrta_v3_r3t9_seed01,mixed_stress,ahe_mrta_v3,3,9,1,150.0,18,2,32
exp_mixed_stress_ahe_mrta_v3_r3t9_seed02,mixed_stress,ahe_mrta_v3,3,9,2,30.0,1,3,36
exp_mixed_stress_ahe_mrta_v3_r3t9_seed02,mixed_stress,ahe_mrta_v3,3,9,2,60.0,2,4,40
exp_mixed_stress_ahe_mrta_v3_r3t9_seed02,mixed_stress,ahe_mrta_v3,3,9,2,65.0,3,4,40
exp_mixed_stress_ahe_mrta_v3_r3t9_seed02,mixed_stress,ahe_mrta_v3,3,9,2,80.0,4,2,32
exp_mixed_stress_ahe_mrta_v3_r3t9_seed02,mixed_stress,ahe_mrta_v3,3,9,2,90.0,5,4,40
exp_mixed_stress_ahe_mrta_v3_r3t9_seed02,mixed_stress,ahe_mrta_v3,3,9,2,95.0,6,4,40
exp_mixed_stress_ahe_mrta_v3_r3t9_seed02,mixed_stress,ahe_mrta_v3,3,9,2,100.0,7,4,40
exp_mixed_stress_ahe_mrta_v3_r3t9_seed02,mixed_stress,ahe_mrta_v3,3,9,2,105.0,8,3,36
exp_mixed_stress_ahe_mrta_v3_r3t9_seed03,mixed_stress,ahe_mrta_v3,3,9,3,30.0,1,3,36
exp_mixed_stress_ahe_mrta_v3_r3t9_seed03,mixed_stress,ahe_mrta_v3,3,9,3,60.0,2,3,36
exp_mixed_stress_ahe_mrta_v3_r3t9_seed03,mixed_stress,ahe_mrta_v3,3,9,3,65.0,3,4,40
exp_mixed_stress_ahe_mrta_v3_r3t9_seed03,mixed_stress,ahe_mrta_v3,3,9,3,80.0,4,3,36
exp_mixed_stress_ahe_mrta_v3_r3t9_seed03,mixed_stress,ahe_mrta_v3,3,9,3,85.0,5,3,36
exp_mixed_stress_ahe_mrta_v3_r3t9_seed03,mixed_stress,ahe_mrta_v3,3,9,3,90.0,6,3,36
exp_mixed_stress_ahe_mrta_v3_r3t9_seed03,mixed_stress,ahe_mrta_v3,3,9,3,95.0,7,3,36
exp_mixed_stress_ahe_mrta_v3_r3t9_seed03,mixed_stress,ahe_mrta_v3,3,9,3,100.0,8,3,36
exp_mixed_stress_ahe_mrta_v3_r3t9_seed03,mixed_stress,ahe_mrta_v3,3,9,3,105.0,9,3,36
exp_mixed_stress_ahe_mrta_v3_r3t9_seed03,mixed_stress,ahe_mrta_v3,3,9,3,110.0,10,3,36
exp_mixed_stress_ahe_mrta_v3_r3t9_seed03,mixed_stress,ahe_mrta_v3,3,9,3,115.0,11,4,40
exp_mixed_stress_ahe_mrta_v3_r3t9_seed04,mixed_stress,ahe_mrta_v3,3,9,4,90.0,1,3,36
exp_mixed_stress_ahe_mrta_v3_r3t9_seed04,mixed_stress,ahe_mrta_v3,3,9,4,120.0,2,3,36
exp_mixed_stress_ahe_mrta_v3_r3t9_seed04,mixed_stress,ahe_mrta_v3,3,9,4,140.0,3,2,32
exp_mixed_stress_ahe_mrta_v3_r3t9_seed04,mixed_stress,ahe_mrta_v3,3,9,4,150.0,4,2,32
exp_mixed_stress_ahe_mrta_v3_r3t9_seed04,mixed_stress,ahe_mrta_v3,3,9,4,155.0,5,3,36
exp_mixed_stress_ahe_mrta_v3_r3t9_seed04,mixed_stress,ahe_mrta_v3,3,9,4,160.0,6,3,36
exp_mixed_stress_ahe_mrta_v3_r3t9_seed05,mixed_stress,ahe_mrta_v3,3,9,5,30.0,1,3,36
exp_mixed_stress_ahe_mrta_v3_r3t9_seed05,mixed_stress,ahe_mrta_v3,3,9,5,60.0,2,3,36
exp_mixed_stress_ahe_mrta_v3_r3t9_seed05,mixed_stress,ahe_mrta_v3,3,9,5,65.0,3,3,36
exp_mixed_stress_ahe_mrta_v3_r3t9_seed05,mixed_stress,ahe_mrta_v3,3,9,5,75.0,4,1,28
exp_mixed_stress_ahe_mrta_v3_r3t9_seed05,mixed_stress,ahe_mrta_v3,3,9,5,90.0,5,3,36
exp_mixed_stress_ahe_mrta_v3_r3t9_seed05,mixed_stress,ahe_mrta_v3,3,9,5,95.0,6,3,36
exp_mixed_stress_ahe_mrta_v3_r3t9_seed05,mixed_stress,ahe_mrta_v3,3,9,5,100.0,7,3,36
exp_mixed_stress_ahe_mrta_v3_r3t9_seed05,mixed_stress,ahe_mrta_v3,3,9,5,105.0,8,2,32
exp_mixed_stress_ahe_mrta_v3_r3t9_seed05,mixed_stress,ahe_mrta_v3,3,9,5,110.0,9,2,32
exp_mixed_stress_ahe_mrta_v3_r3t9_seed05,mixed_stress,ahe_mrta_v3,3,9,5,115.0,10,2,32
exp_mixed_stress_ahe_mrta_v3_r3t9_seed05,mixed_stress,ahe_mrta_v3,3,9,5,120.0,11,2,32
exp_mixed_stress_ahe_mrta_v3_r3t9_seed05,mixed_stress,ahe_mrta_v3,3,9,5,125.0,12,2,32
exp_mixed_stress_ahe_mrta_v3_r5t25_seed01,mixed_stress,ahe_mrta_v3,5,25,1,35.0,1,6,64
exp_mixed_stress_ahe_mrta_v3_r5t25_seed01,mixed_stress,ahe_mrta_v3,5,25,1,40.0,2,6,64
exp_mixed_stress_ahe_mrta_v3_r5t25_seed01,mixed_stress,ahe_mrta_v3,5,25,1,45.0,3,6,64
exp_mixed_stress_ahe_mrta_v3_r5t25_seed01,mixed_stress,ahe_mrta_v3,5,25,1,50.0,4,6,64
exp_mixed_stress_ahe_mrta_v3_r5t25_seed01,mixed_stress,ahe_mrta_v3,5,25,1,55.0,5,7,68
exp_mixed_stress_ahe_mrta_v3_r5t25_seed01,mixed_stress,ahe_mrta_v3,5,25,1,65.0,6,9,76
exp_mixed_stress_ahe_mrta_v3_r5t25_seed01,mixed_stress,ahe_mrta_v3,5,25,1,70.0,7,8,72
exp_mixed_stress_ahe_mrta_v3_r5t25_seed01,mixed_stress,ahe_mrta_v3,5,25,1,75.0,8,7,68
exp_mixed_stress_ahe_mrta_v3_r5t25_seed01,mixed_stress,ahe_mrta_v3,5,25,1,80.0,9,6,64
exp_mixed_stress_ahe_mrta_v3_r5t25_seed01,mixed_stress,ahe_mrta_v3,5,25,1,85.0,10,6,64
exp_mixed_stress_ahe_mrta_v3_r5t25_seed01,mixed_stress,ahe_mrta_v3,5,25,1,90.0,11,5,60
exp_mixed_stress_ahe_mrta_v3_r5t25_seed01,mixed_stress,ahe_mrta_v3,5,25,1,95.0,12,8,72
exp_mixed_stress_ahe_mrta_v3_r5t25_seed01,mixed_stress,ahe_mrta_v3,5,25,1,100.0,13,8,72
exp_mixed_stress_ahe_mrta_v3_r5t25_seed01,mixed_stress,ahe_mrta_v3,5,25,1,105.0,14,8,72
exp_mixed_stress_ahe_mrta_v3_r5t25_seed01,mixed_stress,ahe_mrta_v3,5,25,1,110.0,15,8,72
exp_mixed_stress_ahe_mrta_v3_r5t25_seed01,mixed_stress,ahe_mrta_v3,5,25,1,115.0,16,7,68
exp_mixed_stress_ahe_mrta_v3_r5t25_seed01,mixed_stress,ahe_mrta_v3,5,25,1,120.0,17,7,68
exp_mixed_stress_ahe_mrta_v3_r5t25_seed01,mixed_stress,ahe_mrta_v3,5,25,1,125.0,18,6,64
exp_mixed_stress_ahe_mrta_v3_r5t25_seed01,mixed_stress,ahe_mrta_v3,5,25,1,130.0,19,5,60
exp_mixed_stress_ahe_mrta_v3_r5t25_seed01,mixed_stress,ahe_mrta_v3,5,25,1,135.0,20,5,60
exp_mixed_stress_ahe_mrta_v3_r5t25_seed01,mixed_stress,ahe_mrta_v3,5,25,1,140.0,21,5,60
exp_mixed_stress_ahe_mrta_v3_r5t25_seed01,mixed_stress,ahe_mrta_v3,5,25,1,145.0,22,5,60
exp_mixed_stress_ahe_mrta_v3_r5t25_seed01,mixed_stress,ahe_mrta_v3,5,25,1,150.001,23,5,60
exp_mixed_stress_ahe_mrta_v3_r5t25_seed01,mixed_stress,ahe_mrta_v3,5,25,1,155.0,24,5,60
exp_mixed_stress_ahe_mrta_v3_r5t25_seed01,mixed_stress,ahe_mrta_v3,5,25,1,160.0,25,5,60
exp_mixed_stress_ahe_mrta_v3_r5t25_seed01,mixed_stress,ahe_mrta_v3,5,25,1,165.0,26,5,60
exp_mixed_stress_ahe_mrta_v3_r5t25_seed01,mixed_stress,ahe_mrta_v3,5,25,1,170.0,27,4,56
exp_mixed_stress_ahe_mrta_v3_r5t25_seed01,mixed_stress,ahe_mrta_v3,5,25,1,175.001,28,4,56
exp_mixed_stress_ahe_mrta_v3_r5t25_seed01,mixed_stress,ahe_mrta_v3,5,25,1,180.0,29,4,56
exp_mixed_stress_ahe_mrta_v3_r5t25_seed01,mixed_stress,ahe_mrta_v3,5,25,1,185.0,30,4,56
exp_mixed_stress_ahe_mrta_v3_r5t25_seed01,mixed_stress,ahe_mrta_v3,5,25,1,190.0,31,4,56
exp_mixed_stress_ahe_mrta_v3_r5t25_seed01,mixed_stress,ahe_mrta_v3,5,25,1,195.0,32,4,56
exp_mixed_stress_ahe_mrta_v3_r5t25_seed02,mixed_stress,ahe_mrta_v3,5,25,2,35.0,1,8,72
exp_mixed_stress_ahe_mrta_v3_r5t25_seed02,mixed_stress,ahe_mrta_v3,5,25,2,65.0,2,10,80
exp_mixed_stress_ahe_mrta_v3_r5t25_seed02,mixed_stress,ahe_mrta_v3,5,25,2,70.0,3,8,72
exp_mixed_stress_ahe_mrta_v3_r5t25_seed02,mixed_stress,ahe_mrta_v3,5,25,2,75.0,4,6,64
exp_mixed_stress_ahe_mrta_v3_r5t25_seed02,mixed_stress,ahe_mrta_v3,5,25,2,80.0,5,5,60
exp_mixed_stress_ahe_mrta_v3_r5t25_seed02,mixed_stress,ahe_mrta_v3,5,25,2,85.0,6,5,60
exp_mixed_stress_ahe_mrta_v3_r5t25_seed02,mixed_stress,ahe_mrta_v3,5,25,2,90.0,7,5,60
exp_mixed_stress_ahe_mrta_v3_r5t25_seed02,mixed_stress,ahe_mrta_v3,5,25,2,95.0,8,8,72
exp_mixed_stress_ahe_mrta_v3_r5t25_seed02,mixed_stress,ahe_mrta_v3,5,25,2,100.0,9,8,72
exp_mixed_stress_ahe_mrta_v3_r5t25_seed02,mixed_stress,ahe_mrta_v3,5,25,2,105.0,10,7,68
exp_mixed_stress_ahe_mrta_v3_r5t25_seed02,mixed_stress,ahe_mrta_v3,5,25,2,110.0,11,6,64
exp_mixed_stress_ahe_mrta_v3_r5t25_seed02,mixed_stress,ahe_mrta_v3,5,25,2,115.0,12,6,64
exp_mixed_stress_ahe_mrta_v3_r5t25_seed02,mixed_stress,ahe_mrta_v3,5,25,2,120.0,13,5,60
exp_mixed_stress_ahe_mrta_v3_r5t25_seed02,mixed_stress,ahe_mrta_v3,5,25,2,125.0,14,5,60
exp_mixed_stress_ahe_mrta_v3_r5t25_seed02,mixed_stress,ahe_mrta_v3,5,25,2,130.0,15,5,60
exp_mixed_stress_ahe_mrta_v3_r5t25_seed02,mixed_stress,ahe_mrta_v3,5,25,2,135.0,16,5,60
exp_mixed_stress_ahe_mrta_v3_r5t25_seed02,mixed_stress,ahe_mrta_v3,5,25,2,140.0,17,5,60
exp_mixed_stress_ahe_mrta_v3_r5t25_seed02,mixed_stress,ahe_mrta_v3,5,25,2,145.0,18,4,56
exp_mixed_stress_ahe_mrta_v3_r5t25_seed02,mixed_stress,ahe_mrta_v3,5,25,2,150.0,19,4,56
exp_mixed_stress_ahe_mrta_v3_r5t25_seed02,mixed_stress,ahe_mrta_v3,5,25,2,155.0,20,4,56
exp_mixed_stress_ahe_mrta_v3_r5t25_seed02,mixed_stress,ahe_mrta_v3,5,25,2,160.0,21,4,56
exp_mixed_stress_ahe_mrta_v3_r5t25_seed02,mixed_stress,ahe_mrta_v3,5,25,2,165.0,22,4,56
exp_mixed_stress_ahe_mrta_v3_r5t25_seed02,mixed_stress,ahe_mrta_v3,5,25,2,170.0,23,4,56
exp_mixed_stress_ahe_mrta_v3_r5t25_seed03,mixed_stress,ahe_mrta_v3,5,25,3,35.0,1,7,68
exp_mixed_stress_ahe_mrta_v3_r5t25_seed03,mixed_stress,ahe_mrta_v3,5,25,3,40.0,2,7,68
exp_mixed_stress_ahe_mrta_v3_r5t25_seed03,mixed_stress,ahe_mrta_v3,5,25,3,45.0,3,7,68
exp_mixed_stress_ahe_mrta_v3_r5t25_seed03,mixed_stress,ahe_mrta_v3,5,25,3,50.0,4,6,64
exp_mixed_stress_ahe_mrta_v3_r5t25_seed03,mixed_stress,ahe_mrta_v3,5,25,3,55.0,5,6,64
exp_mixed_stress_ahe_mrta_v3_r5t25_seed03,mixed_stress,ahe_mrta_v3,5,25,3,60.0,6,5,60
exp_mixed_stress_ahe_mrta_v3_r5t25_seed03,mixed_stress,ahe_mrta_v3,5,25,3,65.0,7,8,72
exp_mixed_stress_ahe_mrta_v3_r5t25_seed03,mixed_stress,ahe_mrta_v3,5,25,3,70.0,8,8,72
exp_mixed_stress_ahe_mrta_v3_r5t25_seed03,mixed_stress,ahe_mrta_v3,5,25,3,75.0,9,7,68
exp_mixed_stress_ahe_mrta_v3_r5t25_seed03,mixed_stress,ahe_mrta_v3,5,25,3,80.0,10,7,68
exp_mixed_stress_ahe_mrta_v3_r5t25_seed03,mixed_stress,ahe_mrta_v3,5,25,3,85.0,11,5,60
exp_mixed_stress_ahe_mrta_v3_r5t25_seed03,mixed_stress,ahe_mrta_v3,5,25,3,90.0,12,5,60
exp_mixed_stress_ahe_mrta_v3_r5t25_seed03,mixed_stress,ahe_mrta_v3,5,25,3,95.0,13,8,72
exp_mixed_stress_ahe_mrta_v3_r5t25_seed03,mixed_stress,ahe_mrta_v3,5,25,3,100.0,14,9,76
exp_mixed_stress_ahe_mrta_v3_r5t25_seed03,mixed_stress,ahe_mrta_v3,5,25,3,105.0,15,8,72
exp_mixed_stress_ahe_mrta_v3_r5t25_seed03,mixed_stress,ahe_mrta_v3,5,25,3,110.001,16,7,68
exp_mixed_stress_ahe_mrta_v3_r5t25_seed03,mixed_stress,ahe_mrta_v3,5,25,3,115.0,17,6,64
exp_mixed_stress_ahe_mrta_v3_r5t25_seed03,mixed_stress,ahe_mrta_v3,5,25,3,120.0,18,7,68
exp_mixed_stress_ahe_mrta_v3_r5t25_seed03,mixed_stress,ahe_mrta_v3,5,25,3,125.0,19,6,64
exp_mixed_stress_ahe_mrta_v3_r5t25_seed03,mixed_stress,ahe_mrta_v3,5,25,3,130.0,20,4,56
exp_mixed_stress_ahe_mrta_v3_r5t25_seed03,mixed_stress,ahe_mrta_v3,5,25,3,135.0,21,4,56
exp_mixed_stress_ahe_mrta_v3_r5t25_seed03,mixed_stress,ahe_mrta_v3,5,25,3,140.0,22,4,56
exp_mixed_stress_ahe_mrta_v3_r5t25_seed03,mixed_stress,ahe_mrta_v3,5,25,3,145.0,23,4,56
exp_mixed_stress_ahe_mrta_v3_r5t25_seed03,mixed_stress,ahe_mrta_v3,5,25,3,150.0,24,5,60
exp_mixed_stress_ahe_mrta_v3_r5t25_seed03,mixed_stress,ahe_mrta_v3,5,25,3,155.0,25,5,60
exp_mixed_stress_ahe_mrta_v3_r5t25_seed03,mixed_stress,ahe_mrta_v3,5,25,3,160.0,26,5,60
exp_mixed_stress_ahe_mrta_v3_r5t25_seed03,mixed_stress,ahe_mrta_v3,5,25,3,165.0,27,4,56
exp_mixed_stress_ahe_mrta_v3_r5t25_seed04,mixed_stress,ahe_mrta_v3,5,25,4,35.0,1,7,68
exp_mixed_stress_ahe_mrta_v3_r5t25_seed04,mixed_stress,ahe_mrta_v3,5,25,4,40.0,2,7,68
exp_mixed_stress_ahe_mrta_v3_r5t25_seed04,mixed_stress,ahe_mrta_v3,5,25,4,45.0,3,7,68
exp_mixed_stress_ahe_mrta_v3_r5t25_seed04,mixed_stress,ahe_mrta_v3,5,25,4,50.0,4,5,60
exp_mixed_stress_ahe_mrta_v3_r5t25_seed04,mixed_stress,ahe_mrta_v3,5,25,4,65.0,5,7,68
exp_mixed_stress_ahe_mrta_v3_r5t25_seed04,mixed_stress,ahe_mrta_v3,5,25,4,70.0,6,7,68
exp_mixed_stress_ahe_mrta_v3_r5t25_seed04,mixed_stress,ahe_mrta_v3,5,25,4,75.0,7,7,68
exp_mixed_stress_ahe_mrta_v3_r5t25_seed04,mixed_stress,ahe_mrta_v3,5,25,4,80.0,8,6,64
exp_mixed_stress_ahe_mrta_v3_r5t25_seed04,mixed_stress,ahe_mrta_v3,5,25,4,85.0,9,6,64
exp_mixed_stress_ahe_mrta_v3_r5t25_seed04,mixed_stress,ahe_mrta_v3,5,25,4,90.0,10,6,64
exp_mixed_stress_ahe_mrta_v3_r5t25_seed04,mixed_stress,ahe_mrta_v3,5,25,4,95.0,11,8,72
exp_mixed_stress_ahe_mrta_v3_r5t25_seed04,mixed_stress,ahe_mrta_v3,5,25,4,100.0,12,8,72
exp_mixed_stress_ahe_mrta_v3_r5t25_seed04,mixed_stress,ahe_mrta_v3,5,25,4,105.0,13,8,72
exp_mixed_stress_ahe_mrta_v3_r5t25_seed04,mixed_stress,ahe_mrta_v3,5,25,4,110.0,14,8,72
exp_mixed_stress_ahe_mrta_v3_r5t25_seed04,mixed_stress,ahe_mrta_v3,5,25,4,115.0,15,8,72
exp_mixed_stress_ahe_mrta_v3_r5t25_seed04,mixed_stress,ahe_mrta_v3,5,25,4,120.0,16,7,68
exp_mixed_stress_ahe_mrta_v3_r5t25_seed04,mixed_stress,ahe_mrta_v3,5,25,4,125.0,17,7,68
exp_mixed_stress_ahe_mrta_v3_r5t25_seed04,mixed_stress,ahe_mrta_v3,5,25,4,130.0,18,6,64
exp_mixed_stress_ahe_mrta_v3_r5t25_seed04,mixed_stress,ahe_mrta_v3,5,25,4,135.0,19,7,68
exp_mixed_stress_ahe_mrta_v3_r5t25_seed04,mixed_stress,ahe_mrta_v3,5,25,4,140.0,20,6,64
exp_mixed_stress_ahe_mrta_v3_r5t25_seed04,mixed_stress,ahe_mrta_v3,5,25,4,145.0,21,6,64
exp_mixed_stress_ahe_mrta_v3_r5t25_seed04,mixed_stress,ahe_mrta_v3,5,25,4,150.0,22,4,56
exp_mixed_stress_ahe_mrta_v3_r5t25_seed04,mixed_stress,ahe_mrta_v3,5,25,4,155.0,23,4,56
exp_mixed_stress_ahe_mrta_v3_r5t25_seed05,mixed_stress,ahe_mrta_v3,5,25,5,35.0,1,7,68
exp_mixed_stress_ahe_mrta_v3_r5t25_seed05,mixed_stress,ahe_mrta_v3,5,25,5,40.0,2,7,68
exp_mixed_stress_ahe_mrta_v3_r5t25_seed05,mixed_stress,ahe_mrta_v3,5,25,5,45.0,3,7,68
exp_mixed_stress_ahe_mrta_v3_r5t25_seed05,mixed_stress,ahe_mrta_v3,5,25,5,50.0,4,7,68
exp_mixed_stress_ahe_mrta_v3_r5t25_seed05,mixed_stress,ahe_mrta_v3,5,25,5,55.0,5,6,64
exp_mixed_stress_ahe_mrta_v3_r5t25_seed05,mixed_stress,ahe_mrta_v3,5,25,5,60.0,6,4,56
exp_mixed_stress_ahe_mrta_v3_r5t25_seed05,mixed_stress,ahe_mrta_v3,5,25,5,65.0,7,9,76
exp_mixed_stress_ahe_mrta_v3_r5t25_seed05,mixed_stress,ahe_mrta_v3,5,25,5,70.0,8,7,68
exp_mixed_stress_ahe_mrta_v3_r5t25_seed05,mixed_stress,ahe_mrta_v3,5,25,5,75.0,9,7,68
exp_mixed_stress_ahe_mrta_v3_r5t25_seed05,mixed_stress,ahe_mrta_v3,5,25,5,80.0,10,6,64
exp_mixed_stress_ahe_mrta_v3_r5t25_seed05,mixed_stress,ahe_mrta_v3,5,25,5,85.0,11,6,64
exp_mixed_stress_ahe_mrta_v3_r5t25_seed05,mixed_stress,ahe_mrta_v3,5,25,5,90.0,12,4,56
exp_mixed_stress_ahe_mrta_v3_r5t25_seed05,mixed_stress,ahe_mrta_v3,5,25,5,95.0,13,6,64
exp_mixed_stress_ahe_mrta_v3_r5t25_seed05,mixed_stress,ahe_mrta_v3,5,25,5,100.0,14,6,64
exp_mixed_stress_ahe_mrta_v3_r5t25_seed05,mixed_stress,ahe_mrta_v3,5,25,5,105.0,15,5,60
exp_mixed_stress_ahe_mrta_v3_r5t25_seed05,mixed_stress,ahe_mrta_v3,5,25,5,110.0,16,5,60
exp_mixed_stress_ahe_mrta_v3_r5t25_seed05,mixed_stress,ahe_mrta_v3,5,25,5,115.0,17,4,56
exp_mixed_stress_ahe_mrta_v3_r5t25_seed05,mixed_stress,ahe_mrta_v3,5,25,5,120.0,18,4,56
exp_mixed_stress_ahe_mrta_v3_r5t25_seed05,mixed_stress,ahe_mrta_v3,5,25,5,125.0,19,4,56
exp_mixed_stress_ahe_mrta_v3_r5t25_seed05,mixed_stress,ahe_mrta_v3,5,25,5,130.0,20,4,56
exp_mixed_stress_ahe_mrta_v3_r5t25_seed05,mixed_stress,ahe_mrta_v3,5,25,5,135.0,21,4,56
exp_mixed_stress_ahe_mrta_v3_r5t25_seed05,mixed_stress,ahe_mrta_v3,5,25,5,140.0,22,4,56
exp_mixed_stress_ahe_mrta_v3_r5t25_seed05,mixed_stress,ahe_mrta_v3,5,25,5,145.0,23,4,56
exp_mixed_stress_ahe_mrta_v3_r5t25_seed05,mixed_stress,ahe_mrta_v3,5,25,5,150.0,24,4,56
exp_mixed_stress_ahe_mrta_v3_r5t25_seed05,mixed_stress,ahe_mrta_v3,5,25,5,155.0,25,4,56
exp_robot_failure_ahe_mrta_v3_r10t50_seed01,robot_failure,ahe_mrta_v3,10,50,1,40.0,1,20,160
exp_robot_failure_ahe_mrta_v3_r10t50_seed01,robot_failure,ahe_mrta_v3,10,50,1,45.0,2,20,160
exp_robot_failure_ahe_mrta_v3_r10t50_seed01,robot_failure,ahe_mrta_v3,10,50,1,50.0,3,20,160
exp_robot_failure_ahe_mrta_v3_r10t50_seed01,robot_failure,ahe_mrta_v3,10,50,1,55.0,4,20,160
exp_robot_failure_ahe_mrta_v3_r10t50_seed01,robot_failure,ahe_mrta_v3,10,50,1,60.0,5,20,160
exp_robot_failure_ahe_mrta_v3_r10t50_seed01,robot_failure,ahe_mrta_v3,10,50,1,65.0,6,20,160
exp_robot_failure_ahe_mrta_v3_r10t50_seed01,robot_failure,ahe_mrta_v3,10,50,1,70.0,7,20,160
exp_robot_failure_ahe_mrta_v3_r10t50_seed01,robot_failure,ahe_mrta_v3,10,50,1,75.0,8,20,160
exp_robot_failure_ahe_mrta_v3_r10t50_seed01,robot_failure,ahe_mrta_v3,10,50,1,80.0,9,20,160
exp_robot_failure_ahe_mrta_v3_r10t50_seed01,robot_failure,ahe_mrta_v3,10,50,1,85.0,10,19,156
exp_robot_failure_ahe_mrta_v3_r10t50_seed01,robot_failure,ahe_mrta_v3,10,50,1,90.0,11,19,156
exp_robot_failure_ahe_mrta_v3_r10t50_seed01,robot_failure,ahe_mrta_v3,10,50,1,95.0,12,19,156
exp_robot_failure_ahe_mrta_v3_r10t50_seed01,robot_failure,ahe_mrta_v3,10,50,1,100.0,13,18,152
exp_robot_failure_ahe_mrta_v3_r10t50_seed01,robot_failure,ahe_mrta_v3,10,50,1,105.0,14,18,152
exp_robot_failure_ahe_mrta_v3_r10t50_seed01,robot_failure,ahe_mrta_v3,10,50,1,110.0,15,18,152
exp_robot_failure_ahe_mrta_v3_r10t50_seed01,robot_failure,ahe_mrta_v3,10,50,1,115.0,16,18,152
exp_robot_failure_ahe_mrta_v3_r10t50_seed01,robot_failure,ahe_mrta_v3,10,50,1,120.0,17,18,152
exp_robot_failure_ahe_mrta_v3_r10t50_seed01,robot_failure,ahe_mrta_v3,10,50,1,125.0,18,18,152
exp_robot_failure_ahe_mrta_v3_r10t50_seed01,robot_failure,ahe_mrta_v3,10,50,1,130.0,19,18,152
exp_robot_failure_ahe_mrta_v3_r10t50_seed01,robot_failure,ahe_mrta_v3,10,50,1,135.0,20,18,152
exp_robot_failure_ahe_mrta_v3_r10t50_seed01,robot_failure,ahe_mrta_v3,10,50,1,140.0,21,18,152
exp_robot_failure_ahe_mrta_v3_r10t50_seed01,robot_failure,ahe_mrta_v3,10,50,1,145.0,22,16,144
exp_robot_failure_ahe_mrta_v3_r10t50_seed01,robot_failure,ahe_mrta_v3,10,50,1,150.0,23,14,136
exp_robot_failure_ahe_mrta_v3_r10t50_seed01,robot_failure,ahe_mrta_v3,10,50,1,155.0,24,11,124
exp_robot_failure_ahe_mrta_v3_r10t50_seed01,robot_failure,ahe_mrta_v3,10,50,1,175.0,25,7,108
exp_robot_failure_ahe_mrta_v3_r10t50_seed01,robot_failure,ahe_mrta_v3,10,50,1,240.0,26,1,84
exp_robot_failure_ahe_mrta_v3_r10t50_seed01,robot_failure,ahe_mrta_v3,10,50,1,305.0,27,1,84
exp_robot_failure_ahe_mrta_v3_r10t50_seed01,robot_failure,ahe_mrta_v3,10,50,1,370.0,28,0,80
exp_robot_failure_ahe_mrta_v3_r10t50_seed02,robot_failure,ahe_mrta_v3,10,50,2,40.0,1,20,160
exp_robot_failure_ahe_mrta_v3_r10t50_seed02,robot_failure,ahe_mrta_v3,10,50,2,45.0,2,20,160
exp_robot_failure_ahe_mrta_v3_r10t50_seed02,robot_failure,ahe_mrta_v3,10,50,2,50.0,3,20,160
exp_robot_failure_ahe_mrta_v3_r10t50_seed02,robot_failure,ahe_mrta_v3,10,50,2,55.0,4,20,160
exp_robot_failure_ahe_mrta_v3_r10t50_seed02,robot_failure,ahe_mrta_v3,10,50,2,60.0,5,20,160
exp_robot_failure_ahe_mrta_v3_r10t50_seed02,robot_failure,ahe_mrta_v3,10,50,2,65.001,6,20,160
exp_robot_failure_ahe_mrta_v3_r10t50_seed02,robot_failure,ahe_mrta_v3,10,50,2,70.0,7,19,156
exp_robot_failure_ahe_mrta_v3_r10t50_seed02,robot_failure,ahe_mrta_v3,10,50,2,75.0,8,20,160
exp_robot_failure_ahe_mrta_v3_r10t50_seed02,robot_failure,ahe_mrta_v3,10,50,2,80.0,9,20,160
exp_robot_failure_ahe_mrta_v3_r10t50_seed02,robot_failure,ahe_mrta_v3,10,50,2,85.0,10,19,156
exp_robot_failure_ahe_mrta_v3_r10t50_seed02,robot_failure,ahe_mrta_v3,10,50,2,90.0,11,20,160
exp_robot_failure_ahe_mrta_v3_r10t50_seed02,robot_failure,ahe_mrta_v3,10,50,2,95.0,12,20,160
exp_robot_failure_ahe_mrta_v3_r10t50_seed02,robot_failure,ahe_mrta_v3,10,50,2,100.0,13,20,160
exp_robot_failure_ahe_mrta_v3_r10t50_seed02,robot_failure,ahe_mrta_v3,10,50,2,105.0,14,20,160
exp_robot_failure_ahe_mrta_v3_r10t50_seed02,robot_failure,ahe_mrta_v3,10,50,2,110.0,15,19,156
exp_robot_failure_ahe_mrta_v3_r10t50_seed02,robot_failure,ahe_mrta_v3,10,50,2,115.0,16,20,160
exp_robot_failure_ahe_mrta_v3_r10t50_seed02,robot_failure,ahe_mrta_v3,10,50,2,120.0,17,21,164
exp_robot_failure_ahe_mrta_v3_r10t50_seed02,robot_failure,ahe_mrta_v3,10,50,2,125.0,18,22,168
exp_robot_failure_ahe_mrta_v3_r10t50_seed02,robot_failure,ahe_mrta_v3,10,50,2,130.0,19,23,172
exp_robot_failure_ahe_mrta_v3_r10t50_seed03,robot_failure,ahe_mrta_v3,10,50,3,40.0,1,20,160
exp_robot_failure_ahe_mrta_v3_r10t50_seed03,robot_failure,ahe_mrta_v3,10,50,3,45.0,2,20,160
exp_robot_failure_ahe_mrta_v3_r10t50_seed03,robot_failure,ahe_mrta_v3,10,50,3,50.0,3,20,160
exp_robot_failure_ahe_mrta_v3_r10t50_seed03,robot_failure,ahe_mrta_v3,10,50,3,55.0,4,20,160
exp_robot_failure_ahe_mrta_v3_r10t50_seed03,robot_failure,ahe_mrta_v3,10,50,3,60.0,5,20,160
exp_robot_failure_ahe_mrta_v3_r10t50_seed03,robot_failure,ahe_mrta_v3,10,50,3,65.0,6,20,160
exp_robot_failure_ahe_mrta_v3_r10t50_seed03,robot_failure,ahe_mrta_v3,10,50,3,70.0,7,20,160
exp_robot_failure_ahe_mrta_v3_r10t50_seed03,robot_failure,ahe_mrta_v3,10,50,3,75.0,8,20,160
exp_robot_failure_ahe_mrta_v3_r10t50_seed03,robot_failure,ahe_mrta_v3,10,50,3,80.0,9,20,160
exp_robot_failure_ahe_mrta_v3_r10t50_seed03,robot_failure,ahe_mrta_v3,10,50,3,85.0,10,20,160
exp_robot_failure_ahe_mrta_v3_r10t50_seed03,robot_failure,ahe_mrta_v3,10,50,3,90.0,11,20,160
exp_robot_failure_ahe_mrta_v3_r10t50_seed03,robot_failure,ahe_mrta_v3,10,50,3,95.0,12,19,156
exp_robot_failure_ahe_mrta_v3_r10t50_seed03,robot_failure,ahe_mrta_v3,10,50,3,100.0,13,19,156
exp_robot_failure_ahe_mrta_v3_r10t50_seed03,robot_failure,ahe_mrta_v3,10,50,3,105.0,14,19,156
exp_robot_failure_ahe_mrta_v3_r10t50_seed03,robot_failure,ahe_mrta_v3,10,50,3,110.0,15,18,152
exp_robot_failure_ahe_mrta_v3_r10t50_seed03,robot_failure,ahe_mrta_v3,10,50,3,115.0,16,19,156
exp_robot_failure_ahe_mrta_v3_r10t50_seed03,robot_failure,ahe_mrta_v3,10,50,3,120.0,17,19,156
exp_robot_failure_ahe_mrta_v3_r10t50_seed03,robot_failure,ahe_mrta_v3,10,50,3,125.0,18,18,152
exp_robot_failure_ahe_mrta_v3_r10t50_seed03,robot_failure,ahe_mrta_v3,10,50,3,130.001,19,18,152
exp_robot_failure_ahe_mrta_v3_r10t50_seed03,robot_failure,ahe_mrta_v3,10,50,3,135.0,20,18,152
exp_robot_failure_ahe_mrta_v3_r10t50_seed03,robot_failure,ahe_mrta_v3,10,50,3,140.0,21,18,152
exp_robot_failure_ahe_mrta_v3_r10t50_seed03,robot_failure,ahe_mrta_v3,10,50,3,145.0,22,18,152
exp_robot_failure_ahe_mrta_v3_r10t50_seed03,robot_failure,ahe_mrta_v3,10,50,3,150.0,23,18,152
exp_robot_failure_ahe_mrta_v3_r10t50_seed03,robot_failure,ahe_mrta_v3,10,50,3,155.0,24,18,152
exp_robot_failure_ahe_mrta_v3_r10t50_seed03,robot_failure,ahe_mrta_v3,10,50,3,160.0,25,18,152
exp_robot_failure_ahe_mrta_v3_r10t50_seed03,robot_failure,ahe_mrta_v3,10,50,3,165.0,26,19,156
exp_robot_failure_ahe_mrta_v3_r10t50_seed03,robot_failure,ahe_mrta_v3,10,50,3,170.0,27,19,156
exp_robot_failure_ahe_mrta_v3_r10t50_seed03,robot_failure,ahe_mrta_v3,10,50,3,175.0,28,17,148
exp_robot_failure_ahe_mrta_v3_r10t50_seed03,robot_failure,ahe_mrta_v3,10,50,3,180.0,29,17,148
exp_robot_failure_ahe_mrta_v3_r10t50_seed03,robot_failure,ahe_mrta_v3,10,50,3,185.0,30,15,140
exp_robot_failure_ahe_mrta_v3_r10t50_seed03,robot_failure,ahe_mrta_v3,10,50,3,190.0,31,13,132
exp_robot_failure_ahe_mrta_v3_r10t50_seed03,robot_failure,ahe_mrta_v3,10,50,3,195.0,32,13,132
exp_robot_failure_ahe_mrta_v3_r10t50_seed03,robot_failure,ahe_mrta_v3,10,50,3,200.0,33,12,128
exp_robot_failure_ahe_mrta_v3_r10t50_seed03,robot_failure,ahe_mrta_v3,10,50,3,205.0,34,12,128
exp_robot_failure_ahe_mrta_v3_r10t50_seed03,robot_failure,ahe_mrta_v3,10,50,3,240.0,35,6,104
exp_robot_failure_ahe_mrta_v3_r10t50_seed03,robot_failure,ahe_mrta_v3,10,50,3,250.0,36,5,100
exp_robot_failure_ahe_mrta_v3_r10t50_seed03,robot_failure,ahe_mrta_v3,10,50,3,290.0,37,5,100
exp_robot_failure_ahe_mrta_v3_r10t50_seed03,robot_failure,ahe_mrta_v3,10,50,3,305.0,38,5,100
exp_robot_failure_ahe_mrta_v3_r10t50_seed03,robot_failure,ahe_mrta_v3,10,50,3,320.0,39,5,100
exp_robot_failure_ahe_mrta_v3_r10t50_seed03,robot_failure,ahe_mrta_v3,10,50,3,370.0,40,3,92
exp_robot_failure_ahe_mrta_v3_r10t50_seed03,robot_failure,ahe_mrta_v3,10,50,3,390.0,41,2,88
exp_robot_failure_ahe_mrta_v3_r10t50_seed04,robot_failure,ahe_mrta_v3,10,50,4,40.0,1,20,160
exp_robot_failure_ahe_mrta_v3_r10t50_seed04,robot_failure,ahe_mrta_v3,10,50,4,45.0,2,20,160
exp_robot_failure_ahe_mrta_v3_r10t50_seed04,robot_failure,ahe_mrta_v3,10,50,4,50.0,3,20,160
exp_robot_failure_ahe_mrta_v3_r10t50_seed04,robot_failure,ahe_mrta_v3,10,50,4,55.0,4,19,156
exp_robot_failure_ahe_mrta_v3_r10t50_seed04,robot_failure,ahe_mrta_v3,10,50,4,60.0,5,20,160
exp_robot_failure_ahe_mrta_v3_r10t50_seed04,robot_failure,ahe_mrta_v3,10,50,4,65.0,6,20,160
exp_robot_failure_ahe_mrta_v3_r10t50_seed04,robot_failure,ahe_mrta_v3,10,50,4,70.0,7,20,160
exp_robot_failure_ahe_mrta_v3_r10t50_seed04,robot_failure,ahe_mrta_v3,10,50,4,75.0,8,20,160
exp_robot_failure_ahe_mrta_v3_r10t50_seed04,robot_failure,ahe_mrta_v3,10,50,4,80.0,9,20,160
exp_robot_failure_ahe_mrta_v3_r10t50_seed04,robot_failure,ahe_mrta_v3,10,50,4,85.0,10,19,156
exp_robot_failure_ahe_mrta_v3_r10t50_seed04,robot_failure,ahe_mrta_v3,10,50,4,90.0,11,19,156
exp_robot_failure_ahe_mrta_v3_r10t50_seed04,robot_failure,ahe_mrta_v3,10,50,4,95.0,12,19,156
exp_robot_failure_ahe_mrta_v3_r10t50_seed04,robot_failure,ahe_mrta_v3,10,50,4,100.0,13,19,156
exp_robot_failure_ahe_mrta_v3_r10t50_seed04,robot_failure,ahe_mrta_v3,10,50,4,105.0,14,19,156
exp_robot_failure_ahe_mrta_v3_r10t50_seed04,robot_failure,ahe_mrta_v3,10,50,4,110.0,15,19,156
exp_robot_failure_ahe_mrta_v3_r10t50_seed04,robot_failure,ahe_mrta_v3,10,50,4,115.0,16,18,152
exp_robot_failure_ahe_mrta_v3_r10t50_seed04,robot_failure,ahe_mrta_v3,10,50,4,120.0,17,18,152
exp_robot_failure_ahe_mrta_v3_r10t50_seed04,robot_failure,ahe_mrta_v3,10,50,4,125.0,18,19,156
exp_robot_failure_ahe_mrta_v3_r10t50_seed04,robot_failure,ahe_mrta_v3,10,50,4,130.0,19,19,156
exp_robot_failure_ahe_mrta_v3_r10t50_seed04,robot_failure,ahe_mrta_v3,10,50,4,135.0,20,17,148
exp_robot_failure_ahe_mrta_v3_r10t50_seed04,robot_failure,ahe_mrta_v3,10,50,4,205.0,21,3,92
exp_robot_failure_ahe_mrta_v3_r10t50_seed04,robot_failure,ahe_mrta_v3,10,50,4,290.0,22,1,84
exp_robot_failure_ahe_mrta_v3_r10t50_seed04,robot_failure,ahe_mrta_v3,10,50,4,370.0,23,1,84
exp_robot_failure_ahe_mrta_v3_r10t50_seed05,robot_failure,ahe_mrta_v3,10,50,5,70.0,1,20,160
exp_robot_failure_ahe_mrta_v3_r10t50_seed05,robot_failure,ahe_mrta_v3,10,50,5,75.0,2,20,160
exp_robot_failure_ahe_mrta_v3_r10t50_seed05,robot_failure,ahe_mrta_v3,10,50,5,80.0,3,20,160
exp_robot_failure_ahe_mrta_v3_r10t50_seed05,robot_failure,ahe_mrta_v3,10,50,5,85.0,4,20,160
exp_robot_failure_ahe_mrta_v3_r10t50_seed05,robot_failure,ahe_mrta_v3,10,50,5,90.0,5,20,160
exp_robot_failure_ahe_mrta_v3_r10t50_seed05,robot_failure,ahe_mrta_v3,10,50,5,95.0,6,20,160
exp_robot_failure_ahe_mrta_v3_r10t50_seed05,robot_failure,ahe_mrta_v3,10,50,5,100.0,7,20,160
exp_robot_failure_ahe_mrta_v3_r10t50_seed05,robot_failure,ahe_mrta_v3,10,50,5,105.0,8,20,160
exp_robot_failure_ahe_mrta_v3_r10t50_seed05,robot_failure,ahe_mrta_v3,10,50,5,110.0,9,20,160
exp_robot_failure_ahe_mrta_v3_r10t50_seed05,robot_failure,ahe_mrta_v3,10,50,5,115.0,10,20,160
exp_robot_failure_ahe_mrta_v3_r10t50_seed05,robot_failure,ahe_mrta_v3,10,50,5,120.0,11,20,160
exp_robot_failure_ahe_mrta_v3_r10t50_seed05,robot_failure,ahe_mrta_v3,10,50,5,125.0,12,20,160
exp_robot_failure_ahe_mrta_v3_r10t50_seed05,robot_failure,ahe_mrta_v3,10,50,5,130.0,13,20,160
exp_robot_failure_ahe_mrta_v3_r10t50_seed05,robot_failure,ahe_mrta_v3,10,50,5,135.0,14,20,160
exp_robot_failure_ahe_mrta_v3_r10t50_seed05,robot_failure,ahe_mrta_v3,10,50,5,140.0,15,19,156
exp_robot_failure_ahe_mrta_v3_r10t50_seed05,robot_failure,ahe_mrta_v3,10,50,5,145.0,16,19,156
exp_robot_failure_ahe_mrta_v3_r10t50_seed05,robot_failure,ahe_mrta_v3,10,50,5,150.0,17,19,156
exp_robot_failure_ahe_mrta_v3_r10t50_seed05,robot_failure,ahe_mrta_v3,10,50,5,155.0,18,19,156
exp_robot_failure_ahe_mrta_v3_r10t50_seed05,robot_failure,ahe_mrta_v3,10,50,5,160.0,19,21,164
exp_robot_failure_ahe_mrta_v3_r10t50_seed05,robot_failure,ahe_mrta_v3,10,50,5,165.0,20,19,156
exp_robot_failure_ahe_mrta_v3_r10t50_seed05,robot_failure,ahe_mrta_v3,10,50,5,170.0,21,18,152
exp_robot_failure_ahe_mrta_v3_r10t50_seed05,robot_failure,ahe_mrta_v3,10,50,5,175.0,22,17,148
exp_robot_failure_ahe_mrta_v3_r10t50_seed05,robot_failure,ahe_mrta_v3,10,50,5,180.0,23,16,144
exp_robot_failure_ahe_mrta_v3_r10t50_seed05,robot_failure,ahe_mrta_v3,10,50,5,185.0,24,15,140
exp_robot_failure_ahe_mrta_v3_r10t50_seed05,robot_failure,ahe_mrta_v3,10,50,5,220.0,25,5,100
exp_robot_failure_ahe_mrta_v3_r10t50_seed05,robot_failure,ahe_mrta_v3,10,50,5,295.0,26,1,84
exp_robot_failure_ahe_mrta_v3_r10t50_seed05,robot_failure,ahe_mrta_v3,10,50,5,370.0,27,1,84
exp_robot_failure_ahe_mrta_v3_r3t15_seed01,robot_failure,ahe_mrta_v3,3,15,1,30.0,1,6,48
exp_robot_failure_ahe_mrta_v3_r3t15_seed01,robot_failure,ahe_mrta_v3,3,15,1,35.001,2,6,48
exp_robot_failure_ahe_mrta_v3_r3t15_seed01,robot_failure,ahe_mrta_v3,3,15,1,40.0,3,6,48
exp_robot_failure_ahe_mrta_v3_r3t15_seed01,robot_failure,ahe_mrta_v3,3,15,1,45.0,4,5,44
exp_robot_failure_ahe_mrta_v3_r3t15_seed01,robot_failure,ahe_mrta_v3,3,15,1,50.0,5,6,48
exp_robot_failure_ahe_mrta_v3_r3t15_seed01,robot_failure,ahe_mrta_v3,3,15,1,55.0,6,6,48
exp_robot_failure_ahe_mrta_v3_r3t15_seed01,robot_failure,ahe_mrta_v3,3,15,1,60.0,7,6,48
exp_robot_failure_ahe_mrta_v3_r3t15_seed01,robot_failure,ahe_mrta_v3,3,15,1,65.0,8,6,48
exp_robot_failure_ahe_mrta_v3_r3t15_seed01,robot_failure,ahe_mrta_v3,3,15,1,70.0,9,6,48
exp_robot_failure_ahe_mrta_v3_r3t15_seed01,robot_failure,ahe_mrta_v3,3,15,1,75.0,10,6,48
exp_robot_failure_ahe_mrta_v3_r3t15_seed01,robot_failure,ahe_mrta_v3,3,15,1,80.0,11,6,48
exp_robot_failure_ahe_mrta_v3_r3t15_seed01,robot_failure,ahe_mrta_v3,3,15,1,85.0,12,5,44
exp_robot_failure_ahe_mrta_v3_r3t15_seed01,robot_failure,ahe_mrta_v3,3,15,1,90.0,13,5,44
exp_robot_failure_ahe_mrta_v3_r3t15_seed01,robot_failure,ahe_mrta_v3,3,15,1,95.0,14,5,44
exp_robot_failure_ahe_mrta_v3_r3t15_seed01,robot_failure,ahe_mrta_v3,3,15,1,100.0,15,4,40
exp_robot_failure_ahe_mrta_v3_r3t15_seed01,robot_failure,ahe_mrta_v3,3,15,1,105.0,16,4,40
exp_robot_failure_ahe_mrta_v3_r3t15_seed01,robot_failure,ahe_mrta_v3,3,15,1,110.0,17,4,40
exp_robot_failure_ahe_mrta_v3_r3t15_seed01,robot_failure,ahe_mrta_v3,3,15,1,115.0,18,4,40
exp_robot_failure_ahe_mrta_v3_r3t15_seed01,robot_failure,ahe_mrta_v3,3,15,1,120.0,19,4,40
exp_robot_failure_ahe_mrta_v3_r3t15_seed01,robot_failure,ahe_mrta_v3,3,15,1,125.0,20,4,40
exp_robot_failure_ahe_mrta_v3_r3t15_seed01,robot_failure,ahe_mrta_v3,3,15,1,130.0,21,4,40
exp_robot_failure_ahe_mrta_v3_r3t15_seed01,robot_failure,ahe_mrta_v3,3,15,1,135.0,22,4,40
exp_robot_failure_ahe_mrta_v3_r3t15_seed01,robot_failure,ahe_mrta_v3,3,15,1,140.0,23,4,40
exp_robot_failure_ahe_mrta_v3_r3t15_seed01,robot_failure,ahe_mrta_v3,3,15,1,145.0,24,4,40
exp_robot_failure_ahe_mrta_v3_r3t15_seed01,robot_failure,ahe_mrta_v3,3,15,1,150.0,25,4,40
exp_robot_failure_ahe_mrta_v3_r3t15_seed01,robot_failure,ahe_mrta_v3,3,15,1,155.0,26,4,40
exp_robot_failure_ahe_mrta_v3_r3t15_seed01,robot_failure,ahe_mrta_v3,3,15,1,160.0,27,4,40
exp_robot_failure_ahe_mrta_v3_r3t15_seed01,robot_failure,ahe_mrta_v3,3,15,1,165.0,28,3,36
exp_robot_failure_ahe_mrta_v3_r3t15_seed01,robot_failure,ahe_mrta_v3,3,15,1,170.0,29,3,36
exp_robot_failure_ahe_mrta_v3_r3t15_seed01,robot_failure,ahe_mrta_v3,3,15,1,175.0,30,3,36
exp_robot_failure_ahe_mrta_v3_r3t15_seed01,robot_failure,ahe_mrta_v3,3,15,1,180.0,31,3,36
exp_robot_failure_ahe_mrta_v3_r3t15_seed01,robot_failure,ahe_mrta_v3,3,15,1,185.0,32,3,36
exp_robot_failure_ahe_mrta_v3_r3t15_seed02,robot_failure,ahe_mrta_v3,3,15,2,30.0,1,6,48
exp_robot_failure_ahe_mrta_v3_r3t15_seed02,robot_failure,ahe_mrta_v3,3,15,2,35.0,2,6,48
exp_robot_failure_ahe_mrta_v3_r3t15_seed02,robot_failure,ahe_mrta_v3,3,15,2,40.0,3,6,48
exp_robot_failure_ahe_mrta_v3_r3t15_seed02,robot_failure,ahe_mrta_v3,3,15,2,45.0,4,6,48
exp_robot_failure_ahe_mrta_v3_r3t15_seed02,robot_failure,ahe_mrta_v3,3,15,2,50.0,5,6,48
exp_robot_failure_ahe_mrta_v3_r3t15_seed02,robot_failure,ahe_mrta_v3,3,15,2,55.0,6,6,48
exp_robot_failure_ahe_mrta_v3_r3t15_seed02,robot_failure,ahe_mrta_v3,3,15,2,60.0,7,6,48
exp_robot_failure_ahe_mrta_v3_r3t15_seed02,robot_failure,ahe_mrta_v3,3,15,2,65.0,8,6,48
exp_robot_failure_ahe_mrta_v3_r3t15_seed02,robot_failure,ahe_mrta_v3,3,15,2,70.0,9,6,48
exp_robot_failure_ahe_mrta_v3_r3t15_seed02,robot_failure,ahe_mrta_v3,3,15,2,75.0,10,6,48
exp_robot_failure_ahe_mrta_v3_r3t15_seed02,robot_failure,ahe_mrta_v3,3,15,2,80.0,11,6,48
exp_robot_failure_ahe_mrta_v3_r3t15_seed02,robot_failure,ahe_mrta_v3,3,15,2,85.0,12,6,48
exp_robot_failure_ahe_mrta_v3_r3t15_seed02,robot_failure,ahe_mrta_v3,3,15,2,90.0,13,5,44
exp_robot_failure_ahe_mrta_v3_r3t15_seed02,robot_failure,ahe_mrta_v3,3,15,2,95.0,14,5,44
exp_robot_failure_ahe_mrta_v3_r3t15_seed02,robot_failure,ahe_mrta_v3,3,15,2,100.0,15,5,44
exp_robot_failure_ahe_mrta_v3_r3t15_seed02,robot_failure,ahe_mrta_v3,3,15,2,105.0,16,5,44
exp_robot_failure_ahe_mrta_v3_r3t15_seed02,robot_failure,ahe_mrta_v3,3,15,2,110.0,17,5,44
exp_robot_failure_ahe_mrta_v3_r3t15_seed02,robot_failure,ahe_mrta_v3,3,15,2,115.0,18,5,44
exp_robot_failure_ahe_mrta_v3_r3t15_seed02,robot_failure,ahe_mrta_v3,3,15,2,120.0,19,5,44
exp_robot_failure_ahe_mrta_v3_r3t15_seed02,robot_failure,ahe_mrta_v3,3,15,2,125.0,20,5,44
exp_robot_failure_ahe_mrta_v3_r3t15_seed02,robot_failure,ahe_mrta_v3,3,15,2,130.0,21,5,44
exp_robot_failure_ahe_mrta_v3_r3t15_seed02,robot_failure,ahe_mrta_v3,3,15,2,135.0,22,5,44
exp_robot_failure_ahe_mrta_v3_r3t15_seed02,robot_failure,ahe_mrta_v3,3,15,2,140.0,23,5,44
exp_robot_failure_ahe_mrta_v3_r3t15_seed02,robot_failure,ahe_mrta_v3,3,15,2,145.0,24,5,44
exp_robot_failure_ahe_mrta_v3_r3t15_seed02,robot_failure,ahe_mrta_v3,3,15,2,150.0,25,4,40
exp_robot_failure_ahe_mrta_v3_r3t15_seed02,robot_failure,ahe_mrta_v3,3,15,2,155.0,26,3,36
exp_robot_failure_ahe_mrta_v3_r3t15_seed03,robot_failure,ahe_mrta_v3,3,15,3,30.0,1,6,48
exp_robot_failure_ahe_mrta_v3_r3t15_seed03,robot_failure,ahe_mrta_v3,3,15,3,35.0,2,6,48
exp_robot_failure_ahe_mrta_v3_r3t15_seed03,robot_failure,ahe_mrta_v3,3,15,3,40.0,3,6,48
exp_robot_failure_ahe_mrta_v3_r3t15_seed03,robot_failure,ahe_mrta_v3,3,15,3,45.0,4,6,48
exp_robot_failure_ahe_mrta_v3_r3t15_seed03,robot_failure,ahe_mrta_v3,3,15,3,50.0,5,6,48
exp_robot_failure_ahe_mrta_v3_r3t15_seed03,robot_failure,ahe_mrta_v3,3,15,3,55.0,6,6,48
exp_robot_failure_ahe_mrta_v3_r3t15_seed03,robot_failure,ahe_mrta_v3,3,15,3,60.0,7,6,48
exp_robot_failure_ahe_mrta_v3_r3t15_seed03,robot_failure,ahe_mrta_v3,3,15,3,65.0,8,6,48
exp_robot_failure_ahe_mrta_v3_r3t15_seed03,robot_failure,ahe_mrta_v3,3,15,3,70.0,9,5,44
exp_robot_failure_ahe_mrta_v3_r3t15_seed03,robot_failure,ahe_mrta_v3,3,15,3,75.0,10,5,44
exp_robot_failure_ahe_mrta_v3_r3t15_seed03,robot_failure,ahe_mrta_v3,3,15,3,80.0,11,5,44
exp_robot_failure_ahe_mrta_v3_r3t15_seed03,robot_failure,ahe_mrta_v3,3,15,3,85.0,12,5,44
exp_robot_failure_ahe_mrta_v3_r3t15_seed03,robot_failure,ahe_mrta_v3,3,15,3,90.0,13,4,40
exp_robot_failure_ahe_mrta_v3_r3t15_seed03,robot_failure,ahe_mrta_v3,3,15,3,95.0,14,5,44
exp_robot_failure_ahe_mrta_v3_r3t15_seed03,robot_failure,ahe_mrta_v3,3,15,3,100.0,15,5,44
exp_robot_failure_ahe_mrta_v3_r3t15_seed03,robot_failure,ahe_mrta_v3,3,15,3,105.0,16,5,44
exp_robot_failure_ahe_mrta_v3_r3t15_seed03,robot_failure,ahe_mrta_v3,3,15,3,110.0,17,5,44
exp_robot_failure_ahe_mrta_v3_r3t15_seed03,robot_failure,ahe_mrta_v3,3,15,3,115.0,18,5,44
exp_robot_failure_ahe_mrta_v3_r3t15_seed03,robot_failure,ahe_mrta_v3,3,15,3,120.0,19,5,44
exp_robot_failure_ahe_mrta_v3_r3t15_seed03,robot_failure,ahe_mrta_v3,3,15,3,125.0,20,5,44
exp_robot_failure_ahe_mrta_v3_r3t15_seed03,robot_failure,ahe_mrta_v3,3,15,3,130.0,21,5,44
exp_robot_failure_ahe_mrta_v3_r3t15_seed03,robot_failure,ahe_mrta_v3,3,15,3,135.0,22,5,44
exp_robot_failure_ahe_mrta_v3_r3t15_seed03,robot_failure,ahe_mrta_v3,3,15,3,140.0,23,5,44
exp_robot_failure_ahe_mrta_v3_r3t15_seed03,robot_failure,ahe_mrta_v3,3,15,3,145.0,24,4,40
exp_robot_failure_ahe_mrta_v3_r3t15_seed03,robot_failure,ahe_mrta_v3,3,15,3,150.0,25,4,40
exp_robot_failure_ahe_mrta_v3_r3t15_seed03,robot_failure,ahe_mrta_v3,3,15,3,155.0,26,4,40
exp_robot_failure_ahe_mrta_v3_r3t15_seed04,robot_failure,ahe_mrta_v3,3,15,4,30.0,1,6,48
exp_robot_failure_ahe_mrta_v3_r3t15_seed04,robot_failure,ahe_mrta_v3,3,15,4,35.0,2,6,48
exp_robot_failure_ahe_mrta_v3_r3t15_seed04,robot_failure,ahe_mrta_v3,3,15,4,40.0,3,6,48
exp_robot_failure_ahe_mrta_v3_r3t15_seed04,robot_failure,ahe_mrta_v3,3,15,4,45.0,4,6,48
exp_robot_failure_ahe_mrta_v3_r3t15_seed04,robot_failure,ahe_mrta_v3,3,15,4,50.0,5,6,48
exp_robot_failure_ahe_mrta_v3_r3t15_seed04,robot_failure,ahe_mrta_v3,3,15,4,55.0,6,6,48
exp_robot_failure_ahe_mrta_v3_r3t15_seed04,robot_failure,ahe_mrta_v3,3,15,4,60.0,7,6,48
exp_robot_failure_ahe_mrta_v3_r3t15_seed04,robot_failure,ahe_mrta_v3,3,15,4,65.0,8,6,48
exp_robot_failure_ahe_mrta_v3_r3t15_seed04,robot_failure,ahe_mrta_v3,3,15,4,70.0,9,6,48
exp_robot_failure_ahe_mrta_v3_r3t15_seed04,robot_failure,ahe_mrta_v3,3,15,4,75.0,10,6,48
exp_robot_failure_ahe_mrta_v3_r3t15_seed04,robot_failure,ahe_mrta_v3,3,15,4,80.0,11,6,48
exp_robot_failure_ahe_mrta_v3_r3t15_seed04,robot_failure,ahe_mrta_v3,3,15,4,85.0,12,6,48
exp_robot_failure_ahe_mrta_v3_r3t15_seed04,robot_failure,ahe_mrta_v3,3,15,4,90.0,13,5,44
exp_robot_failure_ahe_mrta_v3_r3t15_seed04,robot_failure,ahe_mrta_v3,3,15,4,95.0,14,5,44
exp_robot_failure_ahe_mrta_v3_r3t15_seed04,robot_failure,ahe_mrta_v3,3,15,4,100.0,15,5,44
exp_robot_failure_ahe_mrta_v3_r3t15_seed04,robot_failure,ahe_mrta_v3,3,15,4,105.0,16,5,44
exp_robot_failure_ahe_mrta_v3_r3t15_seed04,robot_failure,ahe_mrta_v3,3,15,4,110.0,17,5,44
exp_robot_failure_ahe_mrta_v3_r3t15_seed04,robot_failure,ahe_mrta_v3,3,15,4,115.0,18,5,44
exp_robot_failure_ahe_mrta_v3_r3t15_seed04,robot_failure,ahe_mrta_v3,3,15,4,120.0,19,5,44
exp_robot_failure_ahe_mrta_v3_r3t15_seed04,robot_failure,ahe_mrta_v3,3,15,4,125.0,20,5,44
exp_robot_failure_ahe_mrta_v3_r3t15_seed04,robot_failure,ahe_mrta_v3,3,15,4,130.0,21,5,44
exp_robot_failure_ahe_mrta_v3_r3t15_seed04,robot_failure,ahe_mrta_v3,3,15,4,135.0,22,5,44
exp_robot_failure_ahe_mrta_v3_r3t15_seed04,robot_failure,ahe_mrta_v3,3,15,4,140.0,23,5,44
exp_robot_failure_ahe_mrta_v3_r3t15_seed04,robot_failure,ahe_mrta_v3,3,15,4,145.0,24,5,44
exp_robot_failure_ahe_mrta_v3_r3t15_seed04,robot_failure,ahe_mrta_v3,3,15,4,150.0,25,5,44
exp_robot_failure_ahe_mrta_v3_r3t15_seed04,robot_failure,ahe_mrta_v3,3,15,4,155.0,26,5,44
exp_robot_failure_ahe_mrta_v3_r3t15_seed04,robot_failure,ahe_mrta_v3,3,15,4,160.0,27,4,40
exp_robot_failure_ahe_mrta_v3_r3t15_seed05,robot_failure,ahe_mrta_v3,3,15,5,30.0,1,6,48
exp_robot_failure_ahe_mrta_v3_r3t15_seed05,robot_failure,ahe_mrta_v3,3,15,5,35.0,2,6,48
exp_robot_failure_ahe_mrta_v3_r3t15_seed05,robot_failure,ahe_mrta_v3,3,15,5,40.0,3,6,48
exp_robot_failure_ahe_mrta_v3_r3t15_seed05,robot_failure,ahe_mrta_v3,3,15,5,45.0,4,6,48
exp_robot_failure_ahe_mrta_v3_r3t15_seed05,robot_failure,ahe_mrta_v3,3,15,5,50.0,5,6,48
exp_robot_failure_ahe_mrta_v3_r3t15_seed05,robot_failure,ahe_mrta_v3,3,15,5,55.0,6,6,48
exp_robot_failure_ahe_mrta_v3_r3t15_seed05,robot_failure,ahe_mrta_v3,3,15,5,60.0,7,6,48
exp_robot_failure_ahe_mrta_v3_r3t15_seed05,robot_failure,ahe_mrta_v3,3,15,5,65.0,8,6,48
exp_robot_failure_ahe_mrta_v3_r3t15_seed05,robot_failure,ahe_mrta_v3,3,15,5,70.0,9,6,48
exp_robot_failure_ahe_mrta_v3_r3t15_seed05,robot_failure,ahe_mrta_v3,3,15,5,75.0,10,6,48
exp_robot_failure_ahe_mrta_v3_r3t15_seed05,robot_failure,ahe_mrta_v3,3,15,5,80.0,11,6,48
exp_robot_failure_ahe_mrta_v3_r3t15_seed05,robot_failure,ahe_mrta_v3,3,15,5,85.0,12,6,48
exp_robot_failure_ahe_mrta_v3_r3t15_seed05,robot_failure,ahe_mrta_v3,3,15,5,90.0,13,6,48
exp_robot_failure_ahe_mrta_v3_r3t15_seed05,robot_failure,ahe_mrta_v3,3,15,5,95.0,14,6,48
exp_robot_failure_ahe_mrta_v3_r3t15_seed05,robot_failure,ahe_mrta_v3,3,15,5,100.0,15,5,44
exp_robot_failure_ahe_mrta_v3_r3t15_seed05,robot_failure,ahe_mrta_v3,3,15,5,105.0,16,5,44
exp_robot_failure_ahe_mrta_v3_r3t15_seed05,robot_failure,ahe_mrta_v3,3,15,5,110.0,17,5,44
exp_robot_failure_ahe_mrta_v3_r3t15_seed05,robot_failure,ahe_mrta_v3,3,15,5,115.0,18,5,44
exp_robot_failure_ahe_mrta_v3_r3t15_seed05,robot_failure,ahe_mrta_v3,3,15,5,120.0,19,5,44
exp_robot_failure_ahe_mrta_v3_r3t15_seed05,robot_failure,ahe_mrta_v3,3,15,5,125.0,20,5,44
exp_robot_failure_ahe_mrta_v3_r3t15_seed05,robot_failure,ahe_mrta_v3,3,15,5,130.0,21,5,44
exp_robot_failure_ahe_mrta_v3_r3t15_seed05,robot_failure,ahe_mrta_v3,3,15,5,135.0,22,5,44
exp_robot_failure_ahe_mrta_v3_r3t15_seed05,robot_failure,ahe_mrta_v3,3,15,5,140.0,23,5,44
exp_robot_failure_ahe_mrta_v3_r3t15_seed05,robot_failure,ahe_mrta_v3,3,15,5,145.0,24,5,44
exp_robot_failure_ahe_mrta_v3_r3t15_seed05,robot_failure,ahe_mrta_v3,3,15,5,150.0,25,5,44
exp_robot_failure_ahe_mrta_v3_r3t15_seed05,robot_failure,ahe_mrta_v3,3,15,5,155.0,26,5,44
exp_robot_failure_ahe_mrta_v3_r3t15_seed05,robot_failure,ahe_mrta_v3,3,15,5,160.0,27,5,44
exp_robot_failure_ahe_mrta_v3_r3t15_seed05,robot_failure,ahe_mrta_v3,3,15,5,165.0,28,5,44
exp_robot_failure_ahe_mrta_v3_r3t15_seed05,robot_failure,ahe_mrta_v3,3,15,5,170.0,29,3,36
exp_robot_failure_ahe_mrta_v3_r3t24_seed01,robot_failure,ahe_mrta_v3,3,24,1,30.0,1,6,48
exp_robot_failure_ahe_mrta_v3_r3t24_seed01,robot_failure,ahe_mrta_v3,3,24,1,35.0,2,6,48
exp_robot_failure_ahe_mrta_v3_r3t24_seed01,robot_failure,ahe_mrta_v3,3,24,1,40.0,3,6,48
exp_robot_failure_ahe_mrta_v3_r3t24_seed01,robot_failure,ahe_mrta_v3,3,24,1,45.0,4,6,48
exp_robot_failure_ahe_mrta_v3_r3t24_seed01,robot_failure,ahe_mrta_v3,3,24,1,50.0,5,6,48
exp_robot_failure_ahe_mrta_v3_r3t24_seed01,robot_failure,ahe_mrta_v3,3,24,1,55.0,6,6,48
exp_robot_failure_ahe_mrta_v3_r3t24_seed01,robot_failure,ahe_mrta_v3,3,24,1,60.0,7,6,48
exp_robot_failure_ahe_mrta_v3_r3t24_seed01,robot_failure,ahe_mrta_v3,3,24,1,65.0,8,6,48
exp_robot_failure_ahe_mrta_v3_r3t24_seed01,robot_failure,ahe_mrta_v3,3,24,1,70.0,9,6,48
exp_robot_failure_ahe_mrta_v3_r3t24_seed01,robot_failure,ahe_mrta_v3,3,24,1,75.0,10,6,48
exp_robot_failure_ahe_mrta_v3_r3t24_seed01,robot_failure,ahe_mrta_v3,3,24,1,80.0,11,6,48
exp_robot_failure_ahe_mrta_v3_r3t24_seed01,robot_failure,ahe_mrta_v3,3,24,1,85.0,12,5,44
exp_robot_failure_ahe_mrta_v3_r3t24_seed01,robot_failure,ahe_mrta_v3,3,24,1,90.0,13,5,44
exp_robot_failure_ahe_mrta_v3_r3t24_seed01,robot_failure,ahe_mrta_v3,3,24,1,95.0,14,5,44
exp_robot_failure_ahe_mrta_v3_r3t24_seed01,robot_failure,ahe_mrta_v3,3,24,1,100.0,15,5,44
exp_robot_failure_ahe_mrta_v3_r3t24_seed01,robot_failure,ahe_mrta_v3,3,24,1,105.0,16,5,44
exp_robot_failure_ahe_mrta_v3_r3t24_seed01,robot_failure,ahe_mrta_v3,3,24,1,110.0,17,5,44
exp_robot_failure_ahe_mrta_v3_r3t24_seed01,robot_failure,ahe_mrta_v3,3,24,1,115.0,18,5,44
exp_robot_failure_ahe_mrta_v3_r3t24_seed01,robot_failure,ahe_mrta_v3,3,24,1,120.0,19,5,44
exp_robot_failure_ahe_mrta_v3_r3t24_seed01,robot_failure,ahe_mrta_v3,3,24,1,125.0,20,5,44
exp_robot_failure_ahe_mrta_v3_r3t24_seed01,robot_failure,ahe_mrta_v3,3,24,1,130.0,21,5,44
exp_robot_failure_ahe_mrta_v3_r3t24_seed01,robot_failure,ahe_mrta_v3,3,24,1,135.0,22,5,44
exp_robot_failure_ahe_mrta_v3_r3t24_seed01,robot_failure,ahe_mrta_v3,3,24,1,140.0,23,5,44
exp_robot_failure_ahe_mrta_v3_r3t24_seed01,robot_failure,ahe_mrta_v3,3,24,1,145.0,24,5,44
exp_robot_failure_ahe_mrta_v3_r3t24_seed01,robot_failure,ahe_mrta_v3,3,24,1,150.001,25,5,44
exp_robot_failure_ahe_mrta_v3_r3t24_seed01,robot_failure,ahe_mrta_v3,3,24,1,155.0,26,5,44
exp_robot_failure_ahe_mrta_v3_r3t24_seed01,robot_failure,ahe_mrta_v3,3,24,1,160.0,27,5,44
exp_robot_failure_ahe_mrta_v3_r3t24_seed01,robot_failure,ahe_mrta_v3,3,24,1,165.0,28,4,40
exp_robot_failure_ahe_mrta_v3_r3t24_seed01,robot_failure,ahe_mrta_v3,3,24,1,170.0,29,5,44
exp_robot_failure_ahe_mrta_v3_r3t24_seed01,robot_failure,ahe_mrta_v3,3,24,1,175.0,30,5,44
exp_robot_failure_ahe_mrta_v3_r3t24_seed01,robot_failure,ahe_mrta_v3,3,24,1,180.0,31,5,44
exp_robot_failure_ahe_mrta_v3_r3t24_seed01,robot_failure,ahe_mrta_v3,3,24,1,185.0,32,5,44
exp_robot_failure_ahe_mrta_v3_r3t24_seed01,robot_failure,ahe_mrta_v3,3,24,1,190.0,33,5,44
exp_robot_failure_ahe_mrta_v3_r3t24_seed01,robot_failure,ahe_mrta_v3,3,24,1,195.0,34,5,44
exp_robot_failure_ahe_mrta_v3_r3t24_seed01,robot_failure,ahe_mrta_v3,3,24,1,200.0,35,5,44
exp_robot_failure_ahe_mrta_v3_r3t24_seed01,robot_failure,ahe_mrta_v3,3,24,1,205.0,36,5,44
exp_robot_failure_ahe_mrta_v3_r3t24_seed01,robot_failure,ahe_mrta_v3,3,24,1,210.0,37,5,44
exp_robot_failure_ahe_mrta_v3_r3t24_seed01,robot_failure,ahe_mrta_v3,3,24,1,215.0,38,5,44
exp_robot_failure_ahe_mrta_v3_r3t24_seed01,robot_failure,ahe_mrta_v3,3,24,1,220.0,39,5,44
exp_robot_failure_ahe_mrta_v3_r3t24_seed01,robot_failure,ahe_mrta_v3,3,24,1,225.0,40,5,44
exp_robot_failure_ahe_mrta_v3_r3t24_seed01,robot_failure,ahe_mrta_v3,3,24,1,230.0,41,5,44
exp_robot_failure_ahe_mrta_v3_r3t24_seed01,robot_failure,ahe_mrta_v3,3,24,1,235.0,42,5,44
exp_robot_failure_ahe_mrta_v3_r3t24_seed01,robot_failure,ahe_mrta_v3,3,24,1,240.0,43,3,36
exp_robot_failure_ahe_mrta_v3_r3t24_seed01,robot_failure,ahe_mrta_v3,3,24,1,245.0,44,3,36
exp_robot_failure_ahe_mrta_v3_r3t24_seed01,robot_failure,ahe_mrta_v3,3,24,1,250.0,45,3,36
exp_robot_failure_ahe_mrta_v3_r3t24_seed01,robot_failure,ahe_mrta_v3,3,24,1,255.0,46,3,36
exp_robot_failure_ahe_mrta_v3_r3t24_seed01,robot_failure,ahe_mrta_v3,3,24,1,260.0,47,3,36
exp_robot_failure_ahe_mrta_v3_r3t24_seed01,robot_failure,ahe_mrta_v3,3,24,1,265.0,48,3,36
exp_robot_failure_ahe_mrta_v3_r3t24_seed01,robot_failure,ahe_mrta_v3,3,24,1,270.0,49,3,36
exp_robot_failure_ahe_mrta_v3_r3t24_seed01,robot_failure,ahe_mrta_v3,3,24,1,275.0,50,3,36
exp_robot_failure_ahe_mrta_v3_r3t24_seed01,robot_failure,ahe_mrta_v3,3,24,1,280.0,51,3,36
exp_robot_failure_ahe_mrta_v3_r3t24_seed01,robot_failure,ahe_mrta_v3,3,24,1,285.0,52,3,36
exp_robot_failure_ahe_mrta_v3_r3t24_seed01,robot_failure,ahe_mrta_v3,3,24,1,290.0,53,3,36
exp_robot_failure_ahe_mrta_v3_r3t24_seed01,robot_failure,ahe_mrta_v3,3,24,1,295.0,54,3,36
exp_robot_failure_ahe_mrta_v3_r3t24_seed01,robot_failure,ahe_mrta_v3,3,24,1,300.0,55,3,36
exp_robot_failure_ahe_mrta_v3_r3t24_seed01,robot_failure,ahe_mrta_v3,3,24,1,305.0,56,3,36
exp_robot_failure_ahe_mrta_v3_r3t24_seed01,robot_failure,ahe_mrta_v3,3,24,1,310.0,57,2,32
exp_robot_failure_ahe_mrta_v3_r3t24_seed01,robot_failure,ahe_mrta_v3,3,24,1,315.0,58,3,36
exp_robot_failure_ahe_mrta_v3_r3t24_seed01,robot_failure,ahe_mrta_v3,3,24,1,320.0,59,2,32
exp_robot_failure_ahe_mrta_v3_r3t24_seed01,robot_failure,ahe_mrta_v3,3,24,1,325.0,60,2,32
exp_robot_failure_ahe_mrta_v3_r3t24_seed01,robot_failure,ahe_mrta_v3,3,24,1,330.0,61,2,32
exp_robot_failure_ahe_mrta_v3_r3t24_seed01,robot_failure,ahe_mrta_v3,3,24,1,335.0,62,2,32
exp_robot_failure_ahe_mrta_v3_r3t24_seed01,robot_failure,ahe_mrta_v3,3,24,1,340.0,63,2,32
exp_robot_failure_ahe_mrta_v3_r3t24_seed01,robot_failure,ahe_mrta_v3,3,24,1,345.0,64,2,32
exp_robot_failure_ahe_mrta_v3_r3t24_seed01,robot_failure,ahe_mrta_v3,3,24,1,350.0,65,2,32
exp_robot_failure_ahe_mrta_v3_r3t24_seed01,robot_failure,ahe_mrta_v3,3,24,1,355.0,66,2,32
exp_robot_failure_ahe_mrta_v3_r3t24_seed01,robot_failure,ahe_mrta_v3,3,24,1,360.0,67,2,32
exp_robot_failure_ahe_mrta_v3_r3t24_seed01,robot_failure,ahe_mrta_v3,3,24,1,365.0,68,2,32
exp_robot_failure_ahe_mrta_v3_r3t24_seed01,robot_failure,ahe_mrta_v3,3,24,1,370.0,69,2,32
exp_robot_failure_ahe_mrta_v3_r3t24_seed01,robot_failure,ahe_mrta_v3,3,24,1,375.0,70,2,32
exp_robot_failure_ahe_mrta_v3_r3t24_seed01,robot_failure,ahe_mrta_v3,3,24,1,380.0,71,2,32
exp_robot_failure_ahe_mrta_v3_r3t24_seed01,robot_failure,ahe_mrta_v3,3,24,1,385.0,72,2,32
exp_robot_failure_ahe_mrta_v3_r3t24_seed01,robot_failure,ahe_mrta_v3,3,24,1,390.0,73,2,32
exp_robot_failure_ahe_mrta_v3_r3t24_seed02,robot_failure,ahe_mrta_v3,3,24,2,30.0,1,6,48
exp_robot_failure_ahe_mrta_v3_r3t24_seed02,robot_failure,ahe_mrta_v3,3,24,2,35.0,2,6,48
exp_robot_failure_ahe_mrta_v3_r3t24_seed02,robot_failure,ahe_mrta_v3,3,24,2,40.0,3,6,48
exp_robot_failure_ahe_mrta_v3_r3t24_seed02,robot_failure,ahe_mrta_v3,3,24,2,45.0,4,6,48
exp_robot_failure_ahe_mrta_v3_r3t24_seed02,robot_failure,ahe_mrta_v3,3,24,2,50.0,5,6,48
exp_robot_failure_ahe_mrta_v3_r3t24_seed02,robot_failure,ahe_mrta_v3,3,24,2,55.0,6,6,48
exp_robot_failure_ahe_mrta_v3_r3t24_seed02,robot_failure,ahe_mrta_v3,3,24,2,60.0,7,6,48
exp_robot_failure_ahe_mrta_v3_r3t24_seed02,robot_failure,ahe_mrta_v3,3,24,2,65.0,8,6,48
exp_robot_failure_ahe_mrta_v3_r3t24_seed02,robot_failure,ahe_mrta_v3,3,24,2,70.0,9,6,48
exp_robot_failure_ahe_mrta_v3_r3t24_seed02,robot_failure,ahe_mrta_v3,3,24,2,75.0,10,6,48
exp_robot_failure_ahe_mrta_v3_r3t24_seed02,robot_failure,ahe_mrta_v3,3,24,2,80.0,11,6,48
exp_robot_failure_ahe_mrta_v3_r3t24_seed02,robot_failure,ahe_mrta_v3,3,24,2,85.0,12,6,48
exp_robot_failure_ahe_mrta_v3_r3t24_seed02,robot_failure,ahe_mrta_v3,3,24,2,90.0,13,6,48
exp_robot_failure_ahe_mrta_v3_r3t24_seed02,robot_failure,ahe_mrta_v3,3,24,2,95.0,14,6,48
exp_robot_failure_ahe_mrta_v3_r3t24_seed02,robot_failure,ahe_mrta_v3,3,24,2,100.0,15,6,48
exp_robot_failure_ahe_mrta_v3_r3t24_seed02,robot_failure,ahe_mrta_v3,3,24,2,105.0,16,6,48
exp_robot_failure_ahe_mrta_v3_r3t24_seed02,robot_failure,ahe_mrta_v3,3,24,2,110.0,17,5,44
exp_robot_failure_ahe_mrta_v3_r3t24_seed02,robot_failure,ahe_mrta_v3,3,24,2,115.0,18,6,48
exp_robot_failure_ahe_mrta_v3_r3t24_seed02,robot_failure,ahe_mrta_v3,3,24,2,120.0,19,6,48
exp_robot_failure_ahe_mrta_v3_r3t24_seed02,robot_failure,ahe_mrta_v3,3,24,2,125.0,20,5,44
exp_robot_failure_ahe_mrta_v3_r3t24_seed02,robot_failure,ahe_mrta_v3,3,24,2,130.0,21,4,40
exp_robot_failure_ahe_mrta_v3_r3t24_seed02,robot_failure,ahe_mrta_v3,3,24,2,135.0,22,4,40
exp_robot_failure_ahe_mrta_v3_r3t24_seed02,robot_failure,ahe_mrta_v3,3,24,2,140.0,23,4,40
exp_robot_failure_ahe_mrta_v3_r3t24_seed02,robot_failure,ahe_mrta_v3,3,24,2,145.0,24,4,40
exp_robot_failure_ahe_mrta_v3_r3t24_seed02,robot_failure,ahe_mrta_v3,3,24,2,150.0,25,4,40
exp_robot_failure_ahe_mrta_v3_r3t24_seed02,robot_failure,ahe_mrta_v3,3,24,2,155.0,26,4,40
exp_robot_failure_ahe_mrta_v3_r3t24_seed02,robot_failure,ahe_mrta_v3,3,24,2,160.0,27,4,40
exp_robot_failure_ahe_mrta_v3_r3t24_seed02,robot_failure,ahe_mrta_v3,3,24,2,165.0,28,4,40
exp_robot_failure_ahe_mrta_v3_r3t24_seed02,robot_failure,ahe_mrta_v3,3,24,2,170.0,29,4,40
exp_robot_failure_ahe_mrta_v3_r3t24_seed02,robot_failure,ahe_mrta_v3,3,24,2,175.0,30,4,40
exp_robot_failure_ahe_mrta_v3_r3t24_seed02,robot_failure,ahe_mrta_v3,3,24,2,180.0,31,4,40
exp_robot_failure_ahe_mrta_v3_r3t24_seed02,robot_failure,ahe_mrta_v3,3,24,2,185.0,32,4,40
exp_robot_failure_ahe_mrta_v3_r3t24_seed02,robot_failure,ahe_mrta_v3,3,24,2,190.0,33,4,40
exp_robot_failure_ahe_mrta_v3_r3t24_seed02,robot_failure,ahe_mrta_v3,3,24,2,195.0,34,4,40
exp_robot_failure_ahe_mrta_v3_r3t24_seed02,robot_failure,ahe_mrta_v3,3,24,2,200.0,35,4,40
exp_robot_failure_ahe_mrta_v3_r3t24_seed02,robot_failure,ahe_mrta_v3,3,24,2,205.0,36,4,40
exp_robot_failure_ahe_mrta_v3_r3t24_seed02,robot_failure,ahe_mrta_v3,3,24,2,210.0,37,4,40
exp_robot_failure_ahe_mrta_v3_r3t24_seed02,robot_failure,ahe_mrta_v3,3,24,2,215.0,38,4,40
exp_robot_failure_ahe_mrta_v3_r3t24_seed02,robot_failure,ahe_mrta_v3,3,24,2,220.0,39,4,40
exp_robot_failure_ahe_mrta_v3_r3t24_seed02,robot_failure,ahe_mrta_v3,3,24,2,225.0,40,3,36
exp_robot_failure_ahe_mrta_v3_r3t24_seed02,robot_failure,ahe_mrta_v3,3,24,2,230.0,41,2,32
exp_robot_failure_ahe_mrta_v3_r3t24_seed02,robot_failure,ahe_mrta_v3,3,24,2,235.0,42,2,32
exp_robot_failure_ahe_mrta_v3_r3t24_seed02,robot_failure,ahe_mrta_v3,3,24,2,240.0,43,2,32
exp_robot_failure_ahe_mrta_v3_r3t24_seed02,robot_failure,ahe_mrta_v3,3,24,2,245.0,44,2,32
exp_robot_failure_ahe_mrta_v3_r3t24_seed02,robot_failure,ahe_mrta_v3,3,24,2,250.0,45,2,32
exp_robot_failure_ahe_mrta_v3_r3t24_seed02,robot_failure,ahe_mrta_v3,3,24,2,255.0,46,2,32
exp_robot_failure_ahe_mrta_v3_r3t24_seed02,robot_failure,ahe_mrta_v3,3,24,2,260.0,47,2,32
exp_robot_failure_ahe_mrta_v3_r3t24_seed02,robot_failure,ahe_mrta_v3,3,24,2,265.0,48,2,32
exp_robot_failure_ahe_mrta_v3_r3t24_seed02,robot_failure,ahe_mrta_v3,3,24,2,270.0,49,2,32
exp_robot_failure_ahe_mrta_v3_r3t24_seed02,robot_failure,ahe_mrta_v3,3,24,2,275.0,50,2,32
exp_robot_failure_ahe_mrta_v3_r3t24_seed02,robot_failure,ahe_mrta_v3,3,24,2,280.0,51,2,32
exp_robot_failure_ahe_mrta_v3_r3t24_seed02,robot_failure,ahe_mrta_v3,3,24,2,285.0,52,2,32
exp_robot_failure_ahe_mrta_v3_r3t24_seed02,robot_failure,ahe_mrta_v3,3,24,2,290.0,53,2,32
exp_robot_failure_ahe_mrta_v3_r3t24_seed02,robot_failure,ahe_mrta_v3,3,24,2,295.001,54,2,32
exp_robot_failure_ahe_mrta_v3_r3t24_seed02,robot_failure,ahe_mrta_v3,3,24,2,300.0,55,2,32
exp_robot_failure_ahe_mrta_v3_r3t24_seed02,robot_failure,ahe_mrta_v3,3,24,2,305.0,56,2,32
exp_robot_failure_ahe_mrta_v3_r3t24_seed02,robot_failure,ahe_mrta_v3,3,24,2,310.0,57,2,32
exp_robot_failure_ahe_mrta_v3_r3t24_seed03,robot_failure,ahe_mrta_v3,3,24,3,30.0,1,6,48
exp_robot_failure_ahe_mrta_v3_r3t24_seed03,robot_failure,ahe_mrta_v3,3,24,3,35.0,2,6,48
exp_robot_failure_ahe_mrta_v3_r3t24_seed03,robot_failure,ahe_mrta_v3,3,24,3,40.0,3,6,48
exp_robot_failure_ahe_mrta_v3_r3t24_seed03,robot_failure,ahe_mrta_v3,3,24,3,45.0,4,6,48
exp_robot_failure_ahe_mrta_v3_r3t24_seed03,robot_failure,ahe_mrta_v3,3,24,3,50.0,5,6,48
exp_robot_failure_ahe_mrta_v3_r3t24_seed03,robot_failure,ahe_mrta_v3,3,24,3,55.0,6,6,48
exp_robot_failure_ahe_mrta_v3_r3t24_seed03,robot_failure,ahe_mrta_v3,3,24,3,60.001,7,6,48
exp_robot_failure_ahe_mrta_v3_r3t24_seed03,robot_failure,ahe_mrta_v3,3,24,3,65.0,8,6,48
exp_robot_failure_ahe_mrta_v3_r3t24_seed03,robot_failure,ahe_mrta_v3,3,24,3,70.0,9,6,48
exp_robot_failure_ahe_mrta_v3_r3t24_seed03,robot_failure,ahe_mrta_v3,3,24,3,75.0,10,6,48
exp_robot_failure_ahe_mrta_v3_r3t24_seed03,robot_failure,ahe_mrta_v3,3,24,3,80.0,11,6,48
exp_robot_failure_ahe_mrta_v3_r3t24_seed03,robot_failure,ahe_mrta_v3,3,24,3,85.0,12,6,48
exp_robot_failure_ahe_mrta_v3_r3t24_seed03,robot_failure,ahe_mrta_v3,3,24,3,90.0,13,6,48
exp_robot_failure_ahe_mrta_v3_r3t24_seed03,robot_failure,ahe_mrta_v3,3,24,3,95.0,14,6,48
exp_robot_failure_ahe_mrta_v3_r3t24_seed03,robot_failure,ahe_mrta_v3,3,24,3,100.0,15,6,48
exp_robot_failure_ahe_mrta_v3_r3t24_seed03,robot_failure,ahe_mrta_v3,3,24,3,105.0,16,6,48
exp_robot_failure_ahe_mrta_v3_r3t24_seed03,robot_failure,ahe_mrta_v3,3,24,3,110.0,17,6,48
exp_robot_failure_ahe_mrta_v3_r3t24_seed03,robot_failure,ahe_mrta_v3,3,24,3,115.0,18,6,48
exp_robot_failure_ahe_mrta_v3_r3t24_seed03,robot_failure,ahe_mrta_v3,3,24,3,120.0,19,6,48
exp_robot_failure_ahe_mrta_v3_r3t24_seed03,robot_failure,ahe_mrta_v3,3,24,3,125.0,20,6,48
exp_robot_failure_ahe_mrta_v3_r3t24_seed03,robot_failure,ahe_mrta_v3,3,24,3,130.0,21,6,48
exp_robot_failure_ahe_mrta_v3_r3t24_seed03,robot_failure,ahe_mrta_v3,3,24,3,135.0,22,6,48
exp_robot_failure_ahe_mrta_v3_r3t24_seed03,robot_failure,ahe_mrta_v3,3,24,3,140.0,23,6,48
exp_robot_failure_ahe_mrta_v3_r3t24_seed03,robot_failure,ahe_mrta_v3,3,24,3,145.0,24,5,44
exp_robot_failure_ahe_mrta_v3_r3t24_seed03,robot_failure,ahe_mrta_v3,3,24,3,150.0,25,5,44
exp_robot_failure_ahe_mrta_v3_r3t24_seed03,robot_failure,ahe_mrta_v3,3,24,3,155.0,26,5,44
exp_robot_failure_ahe_mrta_v3_r3t24_seed03,robot_failure,ahe_mrta_v3,3,24,3,160.0,27,5,44
exp_robot_failure_ahe_mrta_v3_r3t24_seed03,robot_failure,ahe_mrta_v3,3,24,3,165.0,28,5,44
exp_robot_failure_ahe_mrta_v3_r3t24_seed03,robot_failure,ahe_mrta_v3,3,24,3,170.0,29,5,44
exp_robot_failure_ahe_mrta_v3_r3t24_seed03,robot_failure,ahe_mrta_v3,3,24,3,175.0,30,5,44
exp_robot_failure_ahe_mrta_v3_r3t24_seed03,robot_failure,ahe_mrta_v3,3,24,3,180.0,31,5,44
exp_robot_failure_ahe_mrta_v3_r3t24_seed03,robot_failure,ahe_mrta_v3,3,24,3,185.0,32,5,44
exp_robot_failure_ahe_mrta_v3_r3t24_seed03,robot_failure,ahe_mrta_v3,3,24,3,190.0,33,5,44
exp_robot_failure_ahe_mrta_v3_r3t24_seed03,robot_failure,ahe_mrta_v3,3,24,3,195.0,34,5,44
exp_robot_failure_ahe_mrta_v3_r3t24_seed03,robot_failure,ahe_mrta_v3,3,24,3,200.0,35,5,44
exp_robot_failure_ahe_mrta_v3_r3t24_seed03,robot_failure,ahe_mrta_v3,3,24,3,205.0,36,5,44
exp_robot_failure_ahe_mrta_v3_r3t24_seed03,robot_failure,ahe_mrta_v3,3,24,3,210.0,37,5,44
exp_robot_failure_ahe_mrta_v3_r3t24_seed03,robot_failure,ahe_mrta_v3,3,24,3,215.0,38,5,44
exp_robot_failure_ahe_mrta_v3_r3t24_seed03,robot_failure,ahe_mrta_v3,3,24,3,220.0,39,5,44
exp_robot_failure_ahe_mrta_v3_r3t24_seed03,robot_failure,ahe_mrta_v3,3,24,3,225.0,40,5,44
exp_robot_failure_ahe_mrta_v3_r3t24_seed03,robot_failure,ahe_mrta_v3,3,24,3,230.0,41,5,44
exp_robot_failure_ahe_mrta_v3_r3t24_seed03,robot_failure,ahe_mrta_v3,3,24,3,235.0,42,5,44
exp_robot_failure_ahe_mrta_v3_r3t24_seed03,robot_failure,ahe_mrta_v3,3,24,3,240.0,43,4,40
exp_robot_failure_ahe_mrta_v3_r3t24_seed03,robot_failure,ahe_mrta_v3,3,24,3,245.0,44,3,36
exp_robot_failure_ahe_mrta_v3_r3t24_seed03,robot_failure,ahe_mrta_v3,3,24,3,250.0,45,3,36
exp_robot_failure_ahe_mrta_v3_r3t24_seed03,robot_failure,ahe_mrta_v3,3,24,3,255.0,46,2,32
exp_robot_failure_ahe_mrta_v3_r3t24_seed03,robot_failure,ahe_mrta_v3,3,24,3,260.0,47,2,32
exp_robot_failure_ahe_mrta_v3_r3t24_seed03,robot_failure,ahe_mrta_v3,3,24,3,265.0,48,2,32
exp_robot_failure_ahe_mrta_v3_r3t24_seed03,robot_failure,ahe_mrta_v3,3,24,3,270.0,49,2,32
exp_robot_failure_ahe_mrta_v3_r3t24_seed03,robot_failure,ahe_mrta_v3,3,24,3,275.0,50,2,32
exp_robot_failure_ahe_mrta_v3_r3t24_seed03,robot_failure,ahe_mrta_v3,3,24,3,280.0,51,2,32
exp_robot_failure_ahe_mrta_v3_r3t24_seed03,robot_failure,ahe_mrta_v3,3,24,3,285.0,52,2,32
exp_robot_failure_ahe_mrta_v3_r3t24_seed03,robot_failure,ahe_mrta_v3,3,24,3,290.0,53,2,32
exp_robot_failure_ahe_mrta_v3_r3t24_seed04,robot_failure,ahe_mrta_v3,3,24,4,30.0,1,6,48
exp_robot_failure_ahe_mrta_v3_r3t24_seed04,robot_failure,ahe_mrta_v3,3,24,4,35.0,2,6,48
exp_robot_failure_ahe_mrta_v3_r3t24_seed04,robot_failure,ahe_mrta_v3,3,24,4,40.0,3,6,48
exp_robot_failure_ahe_mrta_v3_r3t24_seed04,robot_failure,ahe_mrta_v3,3,24,4,45.0,4,6,48
exp_robot_failure_ahe_mrta_v3_r3t24_seed04,robot_failure,ahe_mrta_v3,3,24,4,50.0,5,6,48
exp_robot_failure_ahe_mrta_v3_r3t24_seed04,robot_failure,ahe_mrta_v3,3,24,4,55.0,6,5,44
exp_robot_failure_ahe_mrta_v3_r3t24_seed04,robot_failure,ahe_mrta_v3,3,24,4,60.0,7,6,48
exp_robot_failure_ahe_mrta_v3_r3t24_seed04,robot_failure,ahe_mrta_v3,3,24,4,65.0,8,6,48
exp_robot_failure_ahe_mrta_v3_r3t24_seed04,robot_failure,ahe_mrta_v3,3,24,4,70.0,9,6,48
exp_robot_failure_ahe_mrta_v3_r3t24_seed04,robot_failure,ahe_mrta_v3,3,24,4,75.0,10,5,44
exp_robot_failure_ahe_mrta_v3_r3t24_seed04,robot_failure,ahe_mrta_v3,3,24,4,80.0,11,5,44
exp_robot_failure_ahe_mrta_v3_r3t24_seed04,robot_failure,ahe_mrta_v3,3,24,4,85.0,12,5,44
exp_robot_failure_ahe_mrta_v3_r3t24_seed04,robot_failure,ahe_mrta_v3,3,24,4,90.0,13,5,44
exp_robot_failure_ahe_mrta_v3_r3t24_seed04,robot_failure,ahe_mrta_v3,3,24,4,95.0,14,4,40
exp_robot_failure_ahe_mrta_v3_r3t24_seed04,robot_failure,ahe_mrta_v3,3,24,4,100.0,15,4,40
exp_robot_failure_ahe_mrta_v3_r3t24_seed04,robot_failure,ahe_mrta_v3,3,24,4,105.0,16,4,40
exp_robot_failure_ahe_mrta_v3_r3t24_seed04,robot_failure,ahe_mrta_v3,3,24,4,110.0,17,4,40
exp_robot_failure_ahe_mrta_v3_r3t24_seed04,robot_failure,ahe_mrta_v3,3,24,4,115.0,18,4,40
exp_robot_failure_ahe_mrta_v3_r3t24_seed04,robot_failure,ahe_mrta_v3,3,24,4,120.0,19,4,40
exp_robot_failure_ahe_mrta_v3_r3t24_seed04,robot_failure,ahe_mrta_v3,3,24,4,125.0,20,4,40
exp_robot_failure_ahe_mrta_v3_r3t24_seed04,robot_failure,ahe_mrta_v3,3,24,4,130.0,21,4,40
exp_robot_failure_ahe_mrta_v3_r3t24_seed04,robot_failure,ahe_mrta_v3,3,24,4,135.0,22,4,40
exp_robot_failure_ahe_mrta_v3_r3t24_seed04,robot_failure,ahe_mrta_v3,3,24,4,140.0,23,4,40
exp_robot_failure_ahe_mrta_v3_r3t24_seed04,robot_failure,ahe_mrta_v3,3,24,4,145.001,24,4,40
exp_robot_failure_ahe_mrta_v3_r3t24_seed04,robot_failure,ahe_mrta_v3,3,24,4,150.0,25,4,40
exp_robot_failure_ahe_mrta_v3_r3t24_seed04,robot_failure,ahe_mrta_v3,3,24,4,155.0,26,4,40
exp_robot_failure_ahe_mrta_v3_r3t24_seed04,robot_failure,ahe_mrta_v3,3,24,4,160.0,27,4,40
exp_robot_failure_ahe_mrta_v3_r3t24_seed04,robot_failure,ahe_mrta_v3,3,24,4,165.0,28,4,40
exp_robot_failure_ahe_mrta_v3_r3t24_seed04,robot_failure,ahe_mrta_v3,3,24,4,170.0,29,3,36
exp_robot_failure_ahe_mrta_v3_r3t24_seed04,robot_failure,ahe_mrta_v3,3,24,4,175.0,30,4,40
exp_robot_failure_ahe_mrta_v3_r3t24_seed04,robot_failure,ahe_mrta_v3,3,24,4,180.0,31,4,40
exp_robot_failure_ahe_mrta_v3_r3t24_seed04,robot_failure,ahe_mrta_v3,3,24,4,185.0,32,4,40
exp_robot_failure_ahe_mrta_v3_r3t24_seed04,robot_failure,ahe_mrta_v3,3,24,4,190.0,33,4,40
exp_robot_failure_ahe_mrta_v3_r3t24_seed04,robot_failure,ahe_mrta_v3,3,24,4,195.0,34,4,40
exp_robot_failure_ahe_mrta_v3_r3t24_seed04,robot_failure,ahe_mrta_v3,3,24,4,200.0,35,4,40
exp_robot_failure_ahe_mrta_v3_r3t24_seed04,robot_failure,ahe_mrta_v3,3,24,4,205.0,36,4,40
exp_robot_failure_ahe_mrta_v3_r3t24_seed04,robot_failure,ahe_mrta_v3,3,24,4,210.0,37,4,40
exp_robot_failure_ahe_mrta_v3_r3t24_seed04,robot_failure,ahe_mrta_v3,3,24,4,215.0,38,4,40
exp_robot_failure_ahe_mrta_v3_r3t24_seed04,robot_failure,ahe_mrta_v3,3,24,4,220.0,39,4,40
exp_robot_failure_ahe_mrta_v3_r3t24_seed04,robot_failure,ahe_mrta_v3,3,24,4,225.0,40,4,40
exp_robot_failure_ahe_mrta_v3_r3t24_seed04,robot_failure,ahe_mrta_v3,3,24,4,230.0,41,4,40
exp_robot_failure_ahe_mrta_v3_r3t24_seed04,robot_failure,ahe_mrta_v3,3,24,4,235.0,42,3,36
exp_robot_failure_ahe_mrta_v3_r3t24_seed04,robot_failure,ahe_mrta_v3,3,24,4,240.0,43,3,36
exp_robot_failure_ahe_mrta_v3_r3t24_seed04,robot_failure,ahe_mrta_v3,3,24,4,245.0,44,3,36
exp_robot_failure_ahe_mrta_v3_r3t24_seed04,robot_failure,ahe_mrta_v3,3,24,4,250.0,45,3,36
exp_robot_failure_ahe_mrta_v3_r3t24_seed04,robot_failure,ahe_mrta_v3,3,24,4,255.0,46,2,32
exp_robot_failure_ahe_mrta_v3_r3t24_seed04,robot_failure,ahe_mrta_v3,3,24,4,260.0,47,2,32
exp_robot_failure_ahe_mrta_v3_r3t24_seed04,robot_failure,ahe_mrta_v3,3,24,4,265.0,48,2,32
exp_robot_failure_ahe_mrta_v3_r3t24_seed04,robot_failure,ahe_mrta_v3,3,24,4,270.0,49,2,32
exp_robot_failure_ahe_mrta_v3_r3t24_seed04,robot_failure,ahe_mrta_v3,3,24,4,275.0,50,2,32
exp_robot_failure_ahe_mrta_v3_r3t24_seed04,robot_failure,ahe_mrta_v3,3,24,4,280.0,51,2,32
exp_robot_failure_ahe_mrta_v3_r3t24_seed04,robot_failure,ahe_mrta_v3,3,24,4,285.0,52,2,32
exp_robot_failure_ahe_mrta_v3_r3t24_seed04,robot_failure,ahe_mrta_v3,3,24,4,290.0,53,2,32
exp_robot_failure_ahe_mrta_v3_r3t24_seed04,robot_failure,ahe_mrta_v3,3,24,4,295.0,54,2,32
exp_robot_failure_ahe_mrta_v3_r3t24_seed04,robot_failure,ahe_mrta_v3,3,24,4,300.0,55,2,32
exp_robot_failure_ahe_mrta_v3_r3t24_seed04,robot_failure,ahe_mrta_v3,3,24,4,305.0,56,2,32
exp_robot_failure_ahe_mrta_v3_r3t24_seed04,robot_failure,ahe_mrta_v3,3,24,4,310.0,57,2,32
exp_robot_failure_ahe_mrta_v3_r3t24_seed04,robot_failure,ahe_mrta_v3,3,24,4,315.0,58,2,32
exp_robot_failure_ahe_mrta_v3_r3t24_seed04,robot_failure,ahe_mrta_v3,3,24,4,320.0,59,2,32
exp_robot_failure_ahe_mrta_v3_r3t24_seed04,robot_failure,ahe_mrta_v3,3,24,4,325.0,60,2,32
exp_robot_failure_ahe_mrta_v3_r3t24_seed04,robot_failure,ahe_mrta_v3,3,24,4,330.0,61,2,32
exp_robot_failure_ahe_mrta_v3_r3t24_seed04,robot_failure,ahe_mrta_v3,3,24,4,335.0,62,2,32
exp_robot_failure_ahe_mrta_v3_r3t24_seed04,robot_failure,ahe_mrta_v3,3,24,4,340.0,63,2,32
exp_robot_failure_ahe_mrta_v3_r3t24_seed04,robot_failure,ahe_mrta_v3,3,24,4,345.0,64,2,32
exp_robot_failure_ahe_mrta_v3_r3t24_seed04,robot_failure,ahe_mrta_v3,3,24,4,350.0,65,2,32
exp_robot_failure_ahe_mrta_v3_r3t24_seed05,robot_failure,ahe_mrta_v3,3,24,5,30.0,1,6,48
exp_robot_failure_ahe_mrta_v3_r3t24_seed05,robot_failure,ahe_mrta_v3,3,24,5,35.0,2,6,48
exp_robot_failure_ahe_mrta_v3_r3t24_seed05,robot_failure,ahe_mrta_v3,3,24,5,40.0,3,6,48
exp_robot_failure_ahe_mrta_v3_r3t24_seed05,robot_failure,ahe_mrta_v3,3,24,5,45.0,4,6,48
exp_robot_failure_ahe_mrta_v3_r3t24_seed05,robot_failure,ahe_mrta_v3,3,24,5,50.0,5,6,48
exp_robot_failure_ahe_mrta_v3_r3t24_seed05,robot_failure,ahe_mrta_v3,3,24,5,55.0,6,6,48
exp_robot_failure_ahe_mrta_v3_r3t24_seed05,robot_failure,ahe_mrta_v3,3,24,5,60.0,7,6,48
exp_robot_failure_ahe_mrta_v3_r3t24_seed05,robot_failure,ahe_mrta_v3,3,24,5,65.0,8,6,48
exp_robot_failure_ahe_mrta_v3_r3t24_seed05,robot_failure,ahe_mrta_v3,3,24,5,70.0,9,6,48
exp_robot_failure_ahe_mrta_v3_r3t24_seed05,robot_failure,ahe_mrta_v3,3,24,5,75.0,10,6,48
exp_robot_failure_ahe_mrta_v3_r3t24_seed05,robot_failure,ahe_mrta_v3,3,24,5,80.0,11,6,48
exp_robot_failure_ahe_mrta_v3_r3t24_seed05,robot_failure,ahe_mrta_v3,3,24,5,85.0,12,6,48
exp_robot_failure_ahe_mrta_v3_r3t24_seed05,robot_failure,ahe_mrta_v3,3,24,5,90.0,13,6,48
exp_robot_failure_ahe_mrta_v3_r3t24_seed05,robot_failure,ahe_mrta_v3,3,24,5,95.0,14,5,44
exp_robot_failure_ahe_mrta_v3_r3t24_seed05,robot_failure,ahe_mrta_v3,3,24,5,100.0,15,5,44
exp_robot_failure_ahe_mrta_v3_r3t24_seed05,robot_failure,ahe_mrta_v3,3,24,5,105.0,16,5,44
exp_robot_failure_ahe_mrta_v3_r3t24_seed05,robot_failure,ahe_mrta_v3,3,24,5,110.0,17,5,44
exp_robot_failure_ahe_mrta_v3_r3t24_seed05,robot_failure,ahe_mrta_v3,3,24,5,115.0,18,5,44
exp_robot_failure_ahe_mrta_v3_r3t24_seed05,robot_failure,ahe_mrta_v3,3,24,5,120.0,19,5,44
exp_robot_failure_ahe_mrta_v3_r3t24_seed05,robot_failure,ahe_mrta_v3,3,24,5,125.0,20,5,44
exp_robot_failure_ahe_mrta_v3_r3t24_seed05,robot_failure,ahe_mrta_v3,3,24,5,130.0,21,5,44
exp_robot_failure_ahe_mrta_v3_r3t24_seed05,robot_failure,ahe_mrta_v3,3,24,5,135.0,22,5,44
exp_robot_failure_ahe_mrta_v3_r3t24_seed05,robot_failure,ahe_mrta_v3,3,24,5,140.0,23,5,44
exp_robot_failure_ahe_mrta_v3_r3t24_seed05,robot_failure,ahe_mrta_v3,3,24,5,145.0,24,5,44
exp_robot_failure_ahe_mrta_v3_r3t24_seed05,robot_failure,ahe_mrta_v3,3,24,5,150.0,25,5,44
exp_robot_failure_ahe_mrta_v3_r3t24_seed05,robot_failure,ahe_mrta_v3,3,24,5,155.0,26,5,44
exp_robot_failure_ahe_mrta_v3_r3t24_seed05,robot_failure,ahe_mrta_v3,3,24,5,160.0,27,5,44
exp_robot_failure_ahe_mrta_v3_r3t24_seed05,robot_failure,ahe_mrta_v3,3,24,5,165.0,28,5,44
exp_robot_failure_ahe_mrta_v3_r3t24_seed05,robot_failure,ahe_mrta_v3,3,24,5,170.0,29,5,44
exp_robot_failure_ahe_mrta_v3_r3t24_seed05,robot_failure,ahe_mrta_v3,3,24,5,175.0,30,5,44
exp_robot_failure_ahe_mrta_v3_r3t24_seed05,robot_failure,ahe_mrta_v3,3,24,5,180.0,31,5,44
exp_robot_failure_ahe_mrta_v3_r3t24_seed05,robot_failure,ahe_mrta_v3,3,24,5,185.0,32,5,44
exp_robot_failure_ahe_mrta_v3_r3t24_seed05,robot_failure,ahe_mrta_v3,3,24,5,190.0,33,4,40
exp_robot_failure_ahe_mrta_v3_r3t24_seed05,robot_failure,ahe_mrta_v3,3,24,5,195.0,34,4,40
exp_robot_failure_ahe_mrta_v3_r3t24_seed05,robot_failure,ahe_mrta_v3,3,24,5,200.0,35,3,36
exp_robot_failure_ahe_mrta_v3_r3t24_seed05,robot_failure,ahe_mrta_v3,3,24,5,205.0,36,3,36
exp_robot_failure_ahe_mrta_v3_r3t24_seed05,robot_failure,ahe_mrta_v3,3,24,5,210.0,37,3,36
exp_robot_failure_ahe_mrta_v3_r3t24_seed05,robot_failure,ahe_mrta_v3,3,24,5,215.0,38,3,36
exp_robot_failure_ahe_mrta_v3_r3t24_seed05,robot_failure,ahe_mrta_v3,3,24,5,220.0,39,2,32
exp_robot_failure_ahe_mrta_v3_r3t24_seed05,robot_failure,ahe_mrta_v3,3,24,5,225.0,40,2,32
exp_robot_failure_ahe_mrta_v3_r3t24_seed05,robot_failure,ahe_mrta_v3,3,24,5,230.0,41,2,32
exp_robot_failure_ahe_mrta_v3_r3t24_seed05,robot_failure,ahe_mrta_v3,3,24,5,235.0,42,2,32
exp_robot_failure_ahe_mrta_v3_r3t24_seed05,robot_failure,ahe_mrta_v3,3,24,5,240.0,43,2,32
exp_robot_failure_ahe_mrta_v3_r3t24_seed05,robot_failure,ahe_mrta_v3,3,24,5,245.0,44,2,32
exp_robot_failure_ahe_mrta_v3_r3t24_seed05,robot_failure,ahe_mrta_v3,3,24,5,250.0,45,2,32
exp_robot_failure_ahe_mrta_v3_r3t24_seed05,robot_failure,ahe_mrta_v3,3,24,5,255.0,46,2,32
exp_robot_failure_ahe_mrta_v3_r3t9_seed01,robot_failure,ahe_mrta_v3,3,9,1,30.0,1,6,48
exp_robot_failure_ahe_mrta_v3_r3t9_seed01,robot_failure,ahe_mrta_v3,3,9,1,35.0,2,6,48
exp_robot_failure_ahe_mrta_v3_r3t9_seed01,robot_failure,ahe_mrta_v3,3,9,1,40.0,3,6,48
exp_robot_failure_ahe_mrta_v3_r3t9_seed01,robot_failure,ahe_mrta_v3,3,9,1,45.0,4,6,48
exp_robot_failure_ahe_mrta_v3_r3t9_seed01,robot_failure,ahe_mrta_v3,3,9,1,50.0,5,6,48
exp_robot_failure_ahe_mrta_v3_r3t9_seed01,robot_failure,ahe_mrta_v3,3,9,1,55.001,6,6,48
exp_robot_failure_ahe_mrta_v3_r3t9_seed01,robot_failure,ahe_mrta_v3,3,9,1,60.0,7,6,48
exp_robot_failure_ahe_mrta_v3_r3t9_seed01,robot_failure,ahe_mrta_v3,3,9,1,65.0,8,6,48
exp_robot_failure_ahe_mrta_v3_r3t9_seed01,robot_failure,ahe_mrta_v3,3,9,1,70.0,9,6,48
exp_robot_failure_ahe_mrta_v3_r3t9_seed01,robot_failure,ahe_mrta_v3,3,9,1,75.0,10,5,44
exp_robot_failure_ahe_mrta_v3_r3t9_seed01,robot_failure,ahe_mrta_v3,3,9,1,80.0,11,4,40
exp_robot_failure_ahe_mrta_v3_r3t9_seed01,robot_failure,ahe_mrta_v3,3,9,1,85.0,12,4,40
exp_robot_failure_ahe_mrta_v3_r3t9_seed02,robot_failure,ahe_mrta_v3,3,9,2,30.0,1,6,48
exp_robot_failure_ahe_mrta_v3_r3t9_seed02,robot_failure,ahe_mrta_v3,3,9,2,35.0,2,6,48
exp_robot_failure_ahe_mrta_v3_r3t9_seed02,robot_failure,ahe_mrta_v3,3,9,2,40.0,3,6,48
exp_robot_failure_ahe_mrta_v3_r3t9_seed02,robot_failure,ahe_mrta_v3,3,9,2,45.0,4,6,48
exp_robot_failure_ahe_mrta_v3_r3t9_seed02,robot_failure,ahe_mrta_v3,3,9,2,50.0,5,6,48
exp_robot_failure_ahe_mrta_v3_r3t9_seed02,robot_failure,ahe_mrta_v3,3,9,2,55.0,6,6,48
exp_robot_failure_ahe_mrta_v3_r3t9_seed02,robot_failure,ahe_mrta_v3,3,9,2,60.0,7,6,48
exp_robot_failure_ahe_mrta_v3_r3t9_seed02,robot_failure,ahe_mrta_v3,3,9,2,80.0,8,6,48
exp_robot_failure_ahe_mrta_v3_r3t9_seed02,robot_failure,ahe_mrta_v3,3,9,2,85.0,9,5,44
exp_robot_failure_ahe_mrta_v3_r3t9_seed02,robot_failure,ahe_mrta_v3,3,9,2,90.0,10,5,44
exp_robot_failure_ahe_mrta_v3_r3t9_seed02,robot_failure,ahe_mrta_v3,3,9,2,95.0,11,3,36
exp_robot_failure_ahe_mrta_v3_r3t9_seed03,robot_failure,ahe_mrta_v3,3,9,3,30.0,1,6,48
exp_robot_failure_ahe_mrta_v3_r3t9_seed03,robot_failure,ahe_mrta_v3,3,9,3,35.0,2,6,48
exp_robot_failure_ahe_mrta_v3_r3t9_seed03,robot_failure,ahe_mrta_v3,3,9,3,40.0,3,6,48
exp_robot_failure_ahe_mrta_v3_r3t9_seed03,robot_failure,ahe_mrta_v3,3,9,3,45.0,4,6,48
exp_robot_failure_ahe_mrta_v3_r3t9_seed03,robot_failure,ahe_mrta_v3,3,9,3,50.0,5,6,48
exp_robot_failure_ahe_mrta_v3_r3t9_seed03,robot_failure,ahe_mrta_v3,3,9,3,55.0,6,6,48
exp_robot_failure_ahe_mrta_v3_r3t9_seed03,robot_failure,ahe_mrta_v3,3,9,3,60.0,7,6,48
exp_robot_failure_ahe_mrta_v3_r3t9_seed03,robot_failure,ahe_mrta_v3,3,9,3,65.0,8,6,48
exp_robot_failure_ahe_mrta_v3_r3t9_seed03,robot_failure,ahe_mrta_v3,3,9,3,70.0,9,6,48
exp_robot_failure_ahe_mrta_v3_r3t9_seed03,robot_failure,ahe_mrta_v3,3,9,3,80.0,10,6,48
exp_robot_failure_ahe_mrta_v3_r3t9_seed03,robot_failure,ahe_mrta_v3,3,9,3,85.0,11,6,48
exp_robot_failure_ahe_mrta_v3_r3t9_seed03,robot_failure,ahe_mrta_v3,3,9,3,90.0,12,6,48
exp_robot_failure_ahe_mrta_v3_r3t9_seed03,robot_failure,ahe_mrta_v3,3,9,3,95.0,13,5,44
exp_robot_failure_ahe_mrta_v3_r3t9_seed03,robot_failure,ahe_mrta_v3,3,9,3,100.0,14,4,40
exp_robot_failure_ahe_mrta_v3_r3t9_seed04,robot_failure,ahe_mrta_v3,3,9,4,30.0,1,6,48
exp_robot_failure_ahe_mrta_v3_r3t9_seed04,robot_failure,ahe_mrta_v3,3,9,4,35.0,2,6,48
exp_robot_failure_ahe_mrta_v3_r3t9_seed04,robot_failure,ahe_mrta_v3,3,9,4,40.0,3,6,48
exp_robot_failure_ahe_mrta_v3_r3t9_seed04,robot_failure,ahe_mrta_v3,3,9,4,45.0,4,6,48
exp_robot_failure_ahe_mrta_v3_r3t9_seed04,robot_failure,ahe_mrta_v3,3,9,4,50.0,5,6,48
exp_robot_failure_ahe_mrta_v3_r3t9_seed04,robot_failure,ahe_mrta_v3,3,9,4,75.0,6,3,36
exp_robot_failure_ahe_mrta_v3_r3t9_seed05,robot_failure,ahe_mrta_v3,3,9,5,30.0,1,6,48
exp_robot_failure_ahe_mrta_v3_r3t9_seed05,robot_failure,ahe_mrta_v3,3,9,5,35.0,2,6,48
exp_robot_failure_ahe_mrta_v3_r3t9_seed05,robot_failure,ahe_mrta_v3,3,9,5,40.0,3,6,48
exp_robot_failure_ahe_mrta_v3_r3t9_seed05,robot_failure,ahe_mrta_v3,3,9,5,45.001,4,6,48
exp_robot_failure_ahe_mrta_v3_r3t9_seed05,robot_failure,ahe_mrta_v3,3,9,5,50.0,5,6,48
exp_robot_failure_ahe_mrta_v3_r3t9_seed05,robot_failure,ahe_mrta_v3,3,9,5,55.0,6,6,48
exp_robot_failure_ahe_mrta_v3_r3t9_seed05,robot_failure,ahe_mrta_v3,3,9,5,60.0,7,6,48
exp_robot_failure_ahe_mrta_v3_r3t9_seed05,robot_failure,ahe_mrta_v3,3,9,5,75.001,8,5,44
exp_robot_failure_ahe_mrta_v3_r3t9_seed05,robot_failure,ahe_mrta_v3,3,9,5,80.0,9,5,44
exp_robot_failure_ahe_mrta_v3_r3t9_seed05,robot_failure,ahe_mrta_v3,3,9,5,85.0,10,4,40
exp_robot_failure_ahe_mrta_v3_r5t25_seed01,robot_failure,ahe_mrta_v3,5,25,1,35.0,1,10,80
exp_robot_failure_ahe_mrta_v3_r5t25_seed01,robot_failure,ahe_mrta_v3,5,25,1,40.0,2,10,80
exp_robot_failure_ahe_mrta_v3_r5t25_seed01,robot_failure,ahe_mrta_v3,5,25,1,45.0,3,10,80
exp_robot_failure_ahe_mrta_v3_r5t25_seed01,robot_failure,ahe_mrta_v3,5,25,1,50.0,4,10,80
exp_robot_failure_ahe_mrta_v3_r5t25_seed01,robot_failure,ahe_mrta_v3,5,25,1,55.0,5,10,80
exp_robot_failure_ahe_mrta_v3_r5t25_seed01,robot_failure,ahe_mrta_v3,5,25,1,60.0,6,10,80
exp_robot_failure_ahe_mrta_v3_r5t25_seed01,robot_failure,ahe_mrta_v3,5,25,1,65.0,7,10,80
exp_robot_failure_ahe_mrta_v3_r5t25_seed01,robot_failure,ahe_mrta_v3,5,25,1,70.0,8,10,80
exp_robot_failure_ahe_mrta_v3_r5t25_seed01,robot_failure,ahe_mrta_v3,5,25,1,75.0,9,10,80
exp_robot_failure_ahe_mrta_v3_r5t25_seed01,robot_failure,ahe_mrta_v3,5,25,1,80.0,10,9,76
exp_robot_failure_ahe_mrta_v3_r5t25_seed01,robot_failure,ahe_mrta_v3,5,25,1,85.0,11,8,72
exp_robot_failure_ahe_mrta_v3_r5t25_seed01,robot_failure,ahe_mrta_v3,5,25,1,90.0,12,8,72
exp_robot_failure_ahe_mrta_v3_r5t25_seed01,robot_failure,ahe_mrta_v3,5,25,1,95.0,13,7,68
exp_robot_failure_ahe_mrta_v3_r5t25_seed01,robot_failure,ahe_mrta_v3,5,25,1,100.0,14,8,72
exp_robot_failure_ahe_mrta_v3_r5t25_seed01,robot_failure,ahe_mrta_v3,5,25,1,105.0,15,8,72
exp_robot_failure_ahe_mrta_v3_r5t25_seed01,robot_failure,ahe_mrta_v3,5,25,1,110.0,16,8,72
exp_robot_failure_ahe_mrta_v3_r5t25_seed01,robot_failure,ahe_mrta_v3,5,25,1,115.0,17,8,72
exp_robot_failure_ahe_mrta_v3_r5t25_seed01,robot_failure,ahe_mrta_v3,5,25,1,120.0,18,8,72
exp_robot_failure_ahe_mrta_v3_r5t25_seed01,robot_failure,ahe_mrta_v3,5,25,1,125.0,19,8,72
exp_robot_failure_ahe_mrta_v3_r5t25_seed01,robot_failure,ahe_mrta_v3,5,25,1,130.0,20,8,72
exp_robot_failure_ahe_mrta_v3_r5t25_seed01,robot_failure,ahe_mrta_v3,5,25,1,135.0,21,8,72
exp_robot_failure_ahe_mrta_v3_r5t25_seed01,robot_failure,ahe_mrta_v3,5,25,1,140.0,22,7,68
exp_robot_failure_ahe_mrta_v3_r5t25_seed01,robot_failure,ahe_mrta_v3,5,25,1,145.0,23,8,72
exp_robot_failure_ahe_mrta_v3_r5t25_seed01,robot_failure,ahe_mrta_v3,5,25,1,150.0,24,8,72
exp_robot_failure_ahe_mrta_v3_r5t25_seed02,robot_failure,ahe_mrta_v3,5,25,2,35.0,1,10,80
exp_robot_failure_ahe_mrta_v3_r5t25_seed02,robot_failure,ahe_mrta_v3,5,25,2,40.0,2,10,80
exp_robot_failure_ahe_mrta_v3_r5t25_seed02,robot_failure,ahe_mrta_v3,5,25,2,45.0,3,10,80
exp_robot_failure_ahe_mrta_v3_r5t25_seed02,robot_failure,ahe_mrta_v3,5,25,2,50.0,4,10,80
exp_robot_failure_ahe_mrta_v3_r5t25_seed02,robot_failure,ahe_mrta_v3,5,25,2,55.001,5,10,80
exp_robot_failure_ahe_mrta_v3_r5t25_seed02,robot_failure,ahe_mrta_v3,5,25,2,60.0,6,10,80
exp_robot_failure_ahe_mrta_v3_r5t25_seed02,robot_failure,ahe_mrta_v3,5,25,2,65.0,7,10,80
exp_robot_failure_ahe_mrta_v3_r5t25_seed02,robot_failure,ahe_mrta_v3,5,25,2,70.0,8,10,80
exp_robot_failure_ahe_mrta_v3_r5t25_seed02,robot_failure,ahe_mrta_v3,5,25,2,75.0,9,10,80
exp_robot_failure_ahe_mrta_v3_r5t25_seed02,robot_failure,ahe_mrta_v3,5,25,2,80.0,10,10,80
exp_robot_failure_ahe_mrta_v3_r5t25_seed02,robot_failure,ahe_mrta_v3,5,25,2,85.0,11,10,80
exp_robot_failure_ahe_mrta_v3_r5t25_seed02,robot_failure,ahe_mrta_v3,5,25,2,90.0,12,10,80
exp_robot_failure_ahe_mrta_v3_r5t25_seed02,robot_failure,ahe_mrta_v3,5,25,2,95.0,13,10,80
exp_robot_failure_ahe_mrta_v3_r5t25_seed02,robot_failure,ahe_mrta_v3,5,25,2,100.0,14,10,80
exp_robot_failure_ahe_mrta_v3_r5t25_seed02,robot_failure,ahe_mrta_v3,5,25,2,105.0,15,9,76
exp_robot_failure_ahe_mrta_v3_r5t25_seed02,robot_failure,ahe_mrta_v3,5,25,2,110.0,16,9,76
exp_robot_failure_ahe_mrta_v3_r5t25_seed02,robot_failure,ahe_mrta_v3,5,25,2,115.0,17,9,76
exp_robot_failure_ahe_mrta_v3_r5t25_seed02,robot_failure,ahe_mrta_v3,5,25,2,120.0,18,9,76
exp_robot_failure_ahe_mrta_v3_r5t25_seed02,robot_failure,ahe_mrta_v3,5,25,2,125.0,19,9,76
exp_robot_failure_ahe_mrta_v3_r5t25_seed02,robot_failure,ahe_mrta_v3,5,25,2,130.0,20,9,76
exp_robot_failure_ahe_mrta_v3_r5t25_seed02,robot_failure,ahe_mrta_v3,5,25,2,135.0,21,9,76
exp_robot_failure_ahe_mrta_v3_r5t25_seed02,robot_failure,ahe_mrta_v3,5,25,2,140.0,22,9,76
exp_robot_failure_ahe_mrta_v3_r5t25_seed02,robot_failure,ahe_mrta_v3,5,25,2,145.001,23,9,76
exp_robot_failure_ahe_mrta_v3_r5t25_seed02,robot_failure,ahe_mrta_v3,5,25,2,150.0,24,8,72
exp_robot_failure_ahe_mrta_v3_r5t25_seed03,robot_failure,ahe_mrta_v3,5,25,3,35.0,1,10,80
exp_robot_failure_ahe_mrta_v3_r5t25_seed03,robot_failure,ahe_mrta_v3,5,25,3,40.0,2,10,80
exp_robot_failure_ahe_mrta_v3_r5t25_seed03,robot_failure,ahe_mrta_v3,5,25,3,45.0,3,10,80
exp_robot_failure_ahe_mrta_v3_r5t25_seed03,robot_failure,ahe_mrta_v3,5,25,3,50.0,4,10,80
exp_robot_failure_ahe_mrta_v3_r5t25_seed03,robot_failure,ahe_mrta_v3,5,25,3,55.0,5,10,80
exp_robot_failure_ahe_mrta_v3_r5t25_seed03,robot_failure,ahe_mrta_v3,5,25,3,60.0,6,10,80
exp_robot_failure_ahe_mrta_v3_r5t25_seed03,robot_failure,ahe_mrta_v3,5,25,3,65.0,7,10,80
exp_robot_failure_ahe_mrta_v3_r5t25_seed03,robot_failure,ahe_mrta_v3,5,25,3,70.0,8,10,80
exp_robot_failure_ahe_mrta_v3_r5t25_seed03,robot_failure,ahe_mrta_v3,5,25,3,75.0,9,10,80
exp_robot_failure_ahe_mrta_v3_r5t25_seed03,robot_failure,ahe_mrta_v3,5,25,3,80.0,10,10,80
exp_robot_failure_ahe_mrta_v3_r5t25_seed03,robot_failure,ahe_mrta_v3,5,25,3,85.0,11,10,80
exp_robot_failure_ahe_mrta_v3_r5t25_seed03,robot_failure,ahe_mrta_v3,5,25,3,90.0,12,10,80
exp_robot_failure_ahe_mrta_v3_r5t25_seed03,robot_failure,ahe_mrta_v3,5,25,3,95.0,13,10,80
exp_robot_failure_ahe_mrta_v3_r5t25_seed03,robot_failure,ahe_mrta_v3,5,25,3,100.0,14,9,76
exp_robot_failure_ahe_mrta_v3_r5t25_seed03,robot_failure,ahe_mrta_v3,5,25,3,105.0,15,10,80
exp_robot_failure_ahe_mrta_v3_r5t25_seed03,robot_failure,ahe_mrta_v3,5,25,3,110.0,16,10,80
exp_robot_failure_ahe_mrta_v3_r5t25_seed03,robot_failure,ahe_mrta_v3,5,25,3,115.0,17,10,80
exp_robot_failure_ahe_mrta_v3_r5t25_seed03,robot_failure,ahe_mrta_v3,5,25,3,120.0,18,8,72
exp_robot_failure_ahe_mrta_v3_r5t25_seed03,robot_failure,ahe_mrta_v3,5,25,3,125.0,19,8,72
exp_robot_failure_ahe_mrta_v3_r5t25_seed03,robot_failure,ahe_mrta_v3,5,25,3,130.0,20,8,72
exp_robot_failure_ahe_mrta_v3_r5t25_seed03,robot_failure,ahe_mrta_v3,5,25,3,135.0,21,8,72
exp_robot_failure_ahe_mrta_v3_r5t25_seed03,robot_failure,ahe_mrta_v3,5,25,3,140.0,22,8,72
exp_robot_failure_ahe_mrta_v3_r5t25_seed03,robot_failure,ahe_mrta_v3,5,25,3,145.0,23,8,72
exp_robot_failure_ahe_mrta_v3_r5t25_seed03,robot_failure,ahe_mrta_v3,5,25,3,150.0,24,8,72
exp_robot_failure_ahe_mrta_v3_r5t25_seed03,robot_failure,ahe_mrta_v3,5,25,3,155.0,25,8,72
exp_robot_failure_ahe_mrta_v3_r5t25_seed03,robot_failure,ahe_mrta_v3,5,25,3,160.0,26,8,72
exp_robot_failure_ahe_mrta_v3_r5t25_seed03,robot_failure,ahe_mrta_v3,5,25,3,165.0,27,8,72
exp_robot_failure_ahe_mrta_v3_r5t25_seed03,robot_failure,ahe_mrta_v3,5,25,3,170.0,28,8,72
exp_robot_failure_ahe_mrta_v3_r5t25_seed03,robot_failure,ahe_mrta_v3,5,25,3,175.001,29,7,68
exp_robot_failure_ahe_mrta_v3_r5t25_seed04,robot_failure,ahe_mrta_v3,5,25,4,30.0,1,10,80
exp_robot_failure_ahe_mrta_v3_r5t25_seed04,robot_failure,ahe_mrta_v3,5,25,4,35.0,2,10,80
exp_robot_failure_ahe_mrta_v3_r5t25_seed04,robot_failure,ahe_mrta_v3,5,25,4,40.0,3,10,80
exp_robot_failure_ahe_mrta_v3_r5t25_seed04,robot_failure,ahe_mrta_v3,5,25,4,45.0,4,10,80
exp_robot_failure_ahe_mrta_v3_r5t25_seed04,robot_failure,ahe_mrta_v3,5,25,4,50.0,5,10,80
exp_robot_failure_ahe_mrta_v3_r5t25_seed04,robot_failure,ahe_mrta_v3,5,25,4,55.0,6,10,80
exp_robot_failure_ahe_mrta_v3_r5t25_seed04,robot_failure,ahe_mrta_v3,5,25,4,60.0,7,10,80
exp_robot_failure_ahe_mrta_v3_r5t25_seed04,robot_failure,ahe_mrta_v3,5,25,4,65.0,8,10,80
exp_robot_failure_ahe_mrta_v3_r5t25_seed04,robot_failure,ahe_mrta_v3,5,25,4,70.0,9,10,80
exp_robot_failure_ahe_mrta_v3_r5t25_seed04,robot_failure,ahe_mrta_v3,5,25,4,75.0,10,10,80
exp_robot_failure_ahe_mrta_v3_r5t25_seed04,robot_failure,ahe_mrta_v3,5,25,4,80.0,11,10,80
exp_robot_failure_ahe_mrta_v3_r5t25_seed04,robot_failure,ahe_mrta_v3,5,25,4,85.0,12,10,80
exp_robot_failure_ahe_mrta_v3_r5t25_seed04,robot_failure,ahe_mrta_v3,5,25,4,90.0,13,10,80
exp_robot_failure_ahe_mrta_v3_r5t25_seed04,robot_failure,ahe_mrta_v3,5,25,4,95.0,14,10,80
exp_robot_failure_ahe_mrta_v3_r5t25_seed04,robot_failure,ahe_mrta_v3,5,25,4,100.0,15,10,80
exp_robot_failure_ahe_mrta_v3_r5t25_seed04,robot_failure,ahe_mrta_v3,5,25,4,105.0,16,10,80
exp_robot_failure_ahe_mrta_v3_r5t25_seed04,robot_failure,ahe_mrta_v3,5,25,4,110.0,17,10,80
exp_robot_failure_ahe_mrta_v3_r5t25_seed04,robot_failure,ahe_mrta_v3,5,25,4,115.0,18,9,76
exp_robot_failure_ahe_mrta_v3_r5t25_seed04,robot_failure,ahe_mrta_v3,5,25,4,120.0,19,9,76
exp_robot_failure_ahe_mrta_v3_r5t25_seed04,robot_failure,ahe_mrta_v3,5,25,4,125.0,20,8,72
exp_robot_failure_ahe_mrta_v3_r5t25_seed04,robot_failure,ahe_mrta_v3,5,25,4,130.0,21,8,72
exp_robot_failure_ahe_mrta_v3_r5t25_seed04,robot_failure,ahe_mrta_v3,5,25,4,135.0,22,8,72
exp_robot_failure_ahe_mrta_v3_r5t25_seed04,robot_failure,ahe_mrta_v3,5,25,4,140.0,23,7,68
exp_robot_failure_ahe_mrta_v3_r5t25_seed05,robot_failure,ahe_mrta_v3,5,25,5,35.0,1,10,80
exp_robot_failure_ahe_mrta_v3_r5t25_seed05,robot_failure,ahe_mrta_v3,5,25,5,40.0,2,10,80
exp_robot_failure_ahe_mrta_v3_r5t25_seed05,robot_failure,ahe_mrta_v3,5,25,5,45.0,3,10,80
exp_robot_failure_ahe_mrta_v3_r5t25_seed05,robot_failure,ahe_mrta_v3,5,25,5,50.0,4,10,80
exp_robot_failure_ahe_mrta_v3_r5t25_seed05,robot_failure,ahe_mrta_v3,5,25,5,55.0,5,10,80
exp_robot_failure_ahe_mrta_v3_r5t25_seed05,robot_failure,ahe_mrta_v3,5,25,5,60.0,6,10,80
exp_robot_failure_ahe_mrta_v3_r5t25_seed05,robot_failure,ahe_mrta_v3,5,25,5,65.0,7,10,80
exp_robot_failure_ahe_mrta_v3_r5t25_seed05,robot_failure,ahe_mrta_v3,5,25,5,70.0,8,10,80
exp_robot_failure_ahe_mrta_v3_r5t25_seed05,robot_failure,ahe_mrta_v3,5,25,5,75.0,9,10,80
exp_robot_failure_ahe_mrta_v3_r5t25_seed05,robot_failure,ahe_mrta_v3,5,25,5,80.0,10,10,80
exp_robot_failure_ahe_mrta_v3_r5t25_seed05,robot_failure,ahe_mrta_v3,5,25,5,85.0,11,10,80
exp_robot_failure_ahe_mrta_v3_r5t25_seed05,robot_failure,ahe_mrta_v3,5,25,5,90.0,12,10,80
exp_robot_failure_ahe_mrta_v3_r5t25_seed05,robot_failure,ahe_mrta_v3,5,25,5,95.0,13,10,80
exp_robot_failure_ahe_mrta_v3_r5t25_seed05,robot_failure,ahe_mrta_v3,5,25,5,100.0,14,9,76
exp_robot_failure_ahe_mrta_v3_r5t25_seed05,robot_failure,ahe_mrta_v3,5,25,5,105.0,15,9,76
exp_robot_failure_ahe_mrta_v3_r5t25_seed05,robot_failure,ahe_mrta_v3,5,25,5,110.0,16,9,76
exp_robot_failure_ahe_mrta_v3_r5t25_seed05,robot_failure,ahe_mrta_v3,5,25,5,115.0,17,9,76
exp_robot_failure_ahe_mrta_v3_r5t25_seed05,robot_failure,ahe_mrta_v3,5,25,5,120.0,18,9,76
exp_robot_failure_ahe_mrta_v3_r5t25_seed05,robot_failure,ahe_mrta_v3,5,25,5,125.0,19,9,76
exp_robot_failure_ahe_mrta_v3_r5t25_seed05,robot_failure,ahe_mrta_v3,5,25,5,130.0,20,9,76
exp_robot_failure_ahe_mrta_v3_r5t25_seed05,robot_failure,ahe_mrta_v3,5,25,5,135.0,21,9,76
exp_robot_failure_ahe_mrta_v3_r5t25_seed05,robot_failure,ahe_mrta_v3,5,25,5,140.0,22,9,76
exp_robot_failure_ahe_mrta_v3_r5t25_seed05,robot_failure,ahe_mrta_v3,5,25,5,145.0,23,9,76
exp_robot_failure_ahe_mrta_v3_r5t25_seed05,robot_failure,ahe_mrta_v3,5,25,5,150.0,24,9,76
exp_robot_failure_ahe_mrta_v3_r5t25_seed05,robot_failure,ahe_mrta_v3,5,25,5,155.0,25,9,76
exp_robot_failure_ahe_mrta_v3_r5t25_seed05,robot_failure,ahe_mrta_v3,5,25,5,160.0,26,7,68
